시도,시군구,업태,주메뉴,업소명,소재지도,전화번호,위도,경도
경상남도,진주시,주점,"오리불고기 한상, 937 전골 한상",937,"경상남도 진주시 가좌안골길16번길 12 (가좌동,번지(1층))",055-755-8693,35.1526684,128.1074092
경상남도,진주시,음식점,블랙라벨 스콜피온 슈림프 커플세트,(유)아웃백스테이크하우스코리아 진주점,"경상남도 진주시 진주대로 864 (칠암동,(2층.3층))",055-757-4959,35.1777095,128.0919945
경상남도,진주시,주점,갈치구이,105실내포차,"경상남도 진주시 진주대로 881 (강남동,1층)",055-756-0819,35.1790917,128.0906964
경상남도,진주시,음식점,1440 수제 돈까스 정식(등심),1440수제돈까스,"경상남도 진주시 강남로189번길 24-1 (칠암동, 1층)",055-755-8387,35.1842992,128.091989
경상남도,진주시,음식점,꼬마김밥,1989역전꼬마김밥(진주점),"경상남도 진주시 동진로 17, 1층 (칠암동)",055-755-5822,35.1790504,128.0929967
경상남도,진주시,카페,수제청딸기라떼,32온스커피(32oz COFFEE),"경상남도 진주시 강남로167번길 8-1 (칠암동, 1층일부)",055-755-0697,35.1790524,128.0929893
경상남도,진주시,인터넷 카페,,3팝(POP)플러스,"경상남도 진주시 동진로 22, 아주스타타워 210호일부 2층 (칠암동)",055-756-3522,35.1785293,128.0936232
경상남도,진주시,주점,돼지 두루치기,57포차,"경상남도 진주시 동진로38번길 5-1, 1층 (칠암동)",055-753-6808,35.1785347,128.0955918
경상남도,진주시,음식점,"피자햄치즈토스트, 플레인 크로플",6호토스트앤크로앙,"경상남도 진주시 가좌길29번길 3, 1층 일부 (가좌동)",055-757-3784,35.1563591,128.1047466
경상남도,진주시,주점,"79김치빠삭파전, 79동네빠삭파전, 해물오꼬노미빠삭파전ㄴ",79대포 경상대점,"경상남도 진주시 진주대로 514, 1층 107호 (가좌동)",055-763-8255,35.1527049,128.1061992
경상남도,진주시,음식점,하프앤하프,7번가피자신진주역점,"경상남도 진주시 개양로 100, 상가동 107동 102호 (가좌동, 스카이 시티프라디움)",055-753-9278,35.1543972,128.1166442
경상남도,진주시,주점,88 한우곱도리탕,88포장마차 경상대점,"경상남도 진주시 가좌안골길6번길 3 (가좌동, 상명빌딩 101호)",055-755-5644,35.153607,128.1070891
경상남도,진주시,음식점,누룽지 통닭,9992누룽지통닭,"경상남도 진주시 진주대로 530, 대영폴리비안빌딩 2층 201호 (가좌동)",055-753-3187,35.1538885,128.1068067
경상남도,진주시,편의점,,GS25신진주시티점,"경상남도 진주시 개양로 100, 상가동 107동 106호 (가좌동, SKY 시티프라디움)",055-756-3363,35.1543757,128.1166448
경상남도,진주시,편의점,,GS25진주산업대점,"경상남도 진주시 동진로 36-1 (칠암동, 1층일부)",055-755-3134,35.1787902,128.0949425
경상남도,진주시,편의점,,GS25진주칠암강변점,"경상남도 진주시 강남로177번길 7-2 (칠암동, 1층 일부)",055-761-7836,35.1836504,128.0944087
경상남도,진주시,음식점,The(더:) 김밥,The(더:)김밥,"경상남도 진주시 관문로 7, 율곡스퀘어 프런티어 107호 (가좌동)",0,35.1522148,128.116808
경상남도,진주시,음식점,회전초밥,스시하루,"경상남도 진주시 가좌안골길10번길 13, 1층 103호 (가좌동)",055-762-0997,35.1526638,128.1068172
경상남도,진주시,음식점,플레인 크로플,가가(GAGA),"경상남도 진주시 개양로 114, 신진주역세권 줌시티 208호 (가좌동)",055-754-0592,35.159437,128.1069883
경상남도,진주시,음식점,수제티,가람다례원,"경상남도 진주시 진주대로 907, C호 1층 (강남동)",055-747-0313,35.1812855,128.0896845
경상남도,진주시,음식점,한마리치킨,가마솥옛날시골통닭&호프,"경상남도 진주시 개양로 100, 상가106동 108호 (가좌동, 스카이 시티프라디움)",0,35.1545612,128.1166711
경상남도,진주시,음식점,추어탕,가마솥추어탕,"경상남도 진주시 진주대로908번길 5-5 (칠암동,번지)",070-7547-7942,35.1818855,128.0902428
경상남도,진주시,음식점,한마리치킨,가마치옛날통닭,"경상남도 진주시 동진로 15 (칠암동,번지(1층))",055-754-5665,35.1790107,128.0928901
경상남도,진주시,음식점,"가야 양념 갈비, 가야 두루치기 정식",가야숯불가든,"경상남도 진주시 진주역로96번길 6-68, 1층전체 (가좌동)",055-763-3879,35.1495176,128.1130179
경상남도,진주시,음식점,"시락국밥, 소고기 국밥",가야시락국밥,"경상남도 진주시 진주대로908번길 6 (칠암동,1층일부)",055-758-8811,35.1814128,128.0905138
경상남도,진주시,음식점,생삼겹살,가좌식육점식당,"경상남도 진주시 가호로 28 (가좌동, 가좌주공아파트 상가 106호)",055-752-0960,35.1631754,128.1094824
경상남도,진주시,음식점,칼국수,가향,"경상남도 진주시 강남로201번길 5-1 (칠암동,1층)",055-755-9100,35.1856061,128.0931859
경상남도,진주시,주점,간이역세트,간이역 신진주역점,"경상남도 진주시 개양로 100, 상가동 105동 109호 (가좌동, 스카이 시티프라디움)",055-755-8917,35.1543892,128.1166487
경상남도,진주시,주점,간이역세트,간이역 칠암역점,"경상남도 진주시 진주대로 916 (칠암동, 1층일부)",055-761-1737,35.182075,128.0897863
경상남도,진주시,주점,간이역세트,간이역육거리점,경상남도 진주시 망경로298번길 8 (강남동),055-761-0820,35.1850304,128.0859866
경상남도,진주시,카페,감성 소금빵,감성커피 진주강남점,"경상남도 진주시 진주대로 945, 1층 (강남동)",055-759-0111,35.1843985,128.0881532
경상남도,진주시,주점,"해장국, 과메기",강남동동주,"경상남도 진주시 진주대로891번길 57 (강남동,번지(1층일부))",055-753-8377,35.1835389,128.0873845
경상남도,진주시,음식점,녹두빈대떡,강남빈대떡,"경상남도 진주시 망경로306번길 2, 1층 (강남동)",070-8898-1465,35.1855342,128.0864645
경상남도,진주시,음식점,토스트,강남토스트,"경상남도 진주시 진주대로 893-1 (강남동, 1층일부)",055-755-0572,35.1801845,128.0902706
경상남도,진주시,음식점,"찰떡 궁합 면 세트, 찰떡 궁합 떡볶이 세트",강다짐경상대점,"경상남도 진주시 가좌길 23, 1층 일부호 (가좌동)",055-762-7892,35.1562725,128.1051278
경상남도,진주시,음식점,개척돈가스,개척돈가스,"경상남도 진주시 개양로6번길 10-1, 1층 (가좌동)",055-757-4400,35.1554341,128.1085108
경상남도,진주시,주점,개척회,개척수산,"경상남도 진주시 가좌안골길16번길 8 (가좌동, 1층일부)",055-761-1808,35.1529911,128.1076103
경상남도,진주시,음식점,개척 초밥,개척초밥,"경상남도 진주시 가좌안골길16번길 9, 1층일부 (가좌동)",055-753-4884,35.1526856,128.1076626
경상남도,진주시,음식점,"닭갈비 소금, 양념닭갈비",거림,"경상남도 진주시 진주대로856번길 15, 1층 일부 (칠암동)",055-752-9444,35.1776235,128.0934457
경상남도,진주시,음식점,삼겹살,거북이구들장구이,"경상남도 진주시 진주대로542번길 5-4 (가좌동,(1층))",055-753-4879,35.155136,128.1078519
경상남도,진주시,음식점,물회,거제횟집,"경상남도 진주시 진주대로920번길 11-4, 1층 (칠암동)",0,35.1829658,128.090514
경상남도,진주시,음식점,추어탕,거창추어탕,"경상남도 진주시 진주대로960번길 8 (칠암동, 1층 일부)",055-762-8434,35.1857529,128.0885211
경상남도,진주시,음식점,가케우동,건대시마다,"경상남도 진주시 가좌길48번길 15-1, 1층 (가좌동)",0,35.1584146,128.1068152
경상남도,진주시,음식점,오향족발,경대족발,"경상남도 진주시 진주대로500번길 12-10 (가좌동, 1층일부)",0,35.1505498,128.1047493
경상남도,진주시,음식점,모듬컵밥,경대컵밥과기대칠암점,"경상남도 진주시 동진로 26, 1층일부 (칠암동)",055-755-5088,35.1787161,128.0939465
경상남도,진주시,음식점,"스마일 세트, 경대튀김세트",경대튀김,"경상남도 진주시 가좌길 25, 1층 일부 (가좌동)",055-752-0759,35.1563401,128.1049436
경상남도,진주시,음식점,직화삼겹컵밥,경상대명물 남매컵밥,"경상남도 진주시 가좌길29번길 16 (가좌동, 1층일부)",0,35.1566126,128.1037906
경상남도,진주시,음식점,경아네 집밥,경아식당,"경상남도 진주시 가좌길36번길 4 (가좌동,번지(1층))",055-763-4837,35.1570347,128.1051303
경상남도,진주시,음식점,차돌짬뽕,고구려,"경상남도 진주시 동진로20번길 13, 2층일부 (칠암동)",0,35.1778622,128.0937059
경상남도,진주시,음식점,"차돌박이짬뽕, 꿔바로우",고량진미,"경상남도 진주시 진주역로96번길 6-30, 1층 (가좌동)",055-759-3771,35.1496838,128.1129644
경상남도,진주시,음식점,버섯야채전골,고마흑돼지,"경상남도 진주시 진주대로986번길 15 (칠암동, 1층일부)",055-753-0599,35.1874367,128.0883299
경상남도,진주시,음식점,고메코스,고메,"경상남도 진주시 강변길20번길 15 (가좌동, 2층)",055-762-7553,35.1660002,128.109718
경상남도,진주시,음식점,"국물떡볶이, 돈까스김밥",고봉민김밥,경상남도 진주시 진주대로 502 (가좌동),055-746-6606,35.1516453,128.105063
경상남도,진주시,음식점,도치김밥,고슴도치분식,"경상남도 진주시 개양로 67, 115동 103호 (가좌동, 프리미어 웰가)",0,35.1559313,128.1131186
경상남도,진주시,음식점,돈까스카레,고씨네,"경상남도 진주시 가좌길 12-1, 1층일부 (가좌동)",055-753-5770,35.1563332,128.1064898
경상남도,진주시,음식점,1인 피자 세트,고피자,"경상남도 진주시 가좌길 13-1, 1층 (가좌동)",055-746-7384,35.1563333,128.1064913
경상남도,진주시,음식점,웰빙보리밥,고향보리밥,"경상남도 진주시 가좌길36번길 18 (가좌동,번지(1층))",055-754-5999,35.1569651,128.1066241
경상남도,진주시,음식점,정식,고향집,"경상남도 진주시 강남로247번길 4 (칠암동,1층)",055-762-9282,35.1879833,128.0899349
경상남도,진주시,주점,치즈계란말이,골목대장,"경상남도 진주시 진주역로 114, 상가3동 1층 104호 (가좌동, 시티프라디움)",055-753-8587,35.153929,128.111795
경상남도,진주시,카페,"인절미 크로플, 크림라떼",카페 뮈렌,"경상남도 진주시 망경로297번길 8, 1,2층 (강남동)",055-762-0506,35.1860234,128.0859695
경상남도,진주시,음식점,"블랙밀크티, 타로밀크티",공차진주경상대점,"경상남도 진주시 진주대로 536 (가좌동, 1층일부)",055-757-0678,35.1542055,128.1070183
경상남도,진주시,음식점,"블랙밀크티, 타로밀크티",공차진주과기대점,"경상남도 진주시 동진로 25, 1층일부 (칠암동)",0,35.1791546,128.0937581
경상남도,진주시,카페,아메리카노,공학관점카페,"경상남도 진주시 진주대로 501, 경상국립대학교 가좌캠퍼스 가설식당 공과대학404동 1층 일부호 (가좌동)",055-754-2300,35.1519518,128.0979657
경상남도,진주시,음식점,붕어곰탕,광화어탕,"경상남도 진주시 진주대로930번길 8-4 (칠암동,(1층일부))",055-762-8506,35.1831232,128.0896273
경상남도,진주시,카페,,교육문화센터카페(교육카페),"경상남도 진주시 진주대로 501 (가좌동, (주106), 교육문화센터 1층일부)",0,35.1519504,128.0979662
경상남도,진주시,음식점,반반오리지날,교촌치킨칠암망경점,"경상남도 진주시 동진로20번길 11 (칠암동, 1층)",055-755-5425,35.1779676,128.0936448
경상남도,진주시,음식점,물국수,구포국수,"경상남도 진주시 망경로297번길 3, 1층 일부 (강남동)",010-2496-1441,35.1858164,128.0855472
경상남도,진주시,음식점,국치정식,국수나무가좌점,"경상남도 진주시 진주대로 522 (가좌동,번지 외 1필지(유시티빌딩.102호))",055-762-9439,35.1533021,128.1063985
경상남도,진주시,음식점,국치정식,국수나무칠암점,"경상남도 진주시 동진로34번길 6 (칠암동,1층)",055-762-5940,35.178527,128.0948551
경상남도,진주시,음식점,잔치국수,국수타임,"경상남도 진주시 개양로5번길 12 (가좌동, 1층일부)",055-762-3281,35.1568092,128.1080555
경상남도,진주시,음식점,고추바사삭,굽네치킨 가호점,"경상남도 진주시 진주대로568번길 8 (가좌동, 1층일부)",055-759-2677,35.1571831,128.1083851
경상남도,진주시,주점,멜론 하몽,굿데이구디스,"경상남도 진주시 가좌안골길24번길 14, 1층 (가좌동)",0,35.1522969,128.1073865
경상남도,진주시,음식점,돼지국밥,권돼지국밥,"경상남도 진주시 강남로189번길 23 (칠암동,1층)",055-753-7807,35.1840945,128.0922123
경상남도,진주시,음식점,"통통새우 샌드위치, 햄치즈샌드위치",그린스미스샌드베이 경상국립대점,"경상남도 진주시 진주대로 501, 개방형 스포츠콤플렉스 1층일부 (가좌동)",055-752-2356,35.1519503,128.0979732
경상남도,진주시,음식점,추어탕,금수추어탕,경상남도 진주시 진주대로942번길 11-2 (칠암동),055-761-7619,35.1848016,128.0896927
경상남도,진주시,음식점,소생등심,금오식육식당,"경상남도 진주시 진주대로948번길 9-1 (칠암동,1층)",055-759-8023,35.1850274,128.0891223
경상남도,진주시,카페,수박주스,기기커피 경상대점,"경상남도 진주시 진주대로 522, U City 빌딩 106호 (가좌동)",055-757-8085,35.1533017,128.106396
경상남도,진주시,음식점,원조김밥,김밥한끼,"경상남도 진주시 개양로 7, 1층일부 (가좌동)",055-756-6309,35.1559233,128.1082085
경상남도,진주시,음식점,"돈고츠라멘, 차슈동",김씨네라멘트럭,"경상남도 진주시 가좌길64번길 5 (가좌동,번지(1층일부))",055-753-2432,35.1594678,128.1062816
경상남도,진주시,음식점,타코 6p,까사데아미고경상국립대점,"경상남도 진주시 진주대로500번길 5, 2층일부 (가좌동)",010-9233-0217,35.1514736,128.1053448
경상남도,진주시,음식점,뼈반반,깨미닭,"경상남도 진주시 관문로 7, 127호 (가좌동)",055-759-9884,35.1521998,128.1168165
경상남도,진주시,음식점,숯불양념,꼬꼬아찌진주경상대점,"경상남도 진주시 진주대로516번길 6-1, 1층 101호 (가좌동, 가자상가)",055-762-4111,35.1522505,128.1060905
경상남도,진주시,음식점,김밥,꼬밥,"경상남도 진주시 동진로 50 (칠암동, 오씨건물1 1층일부)",055-745-3013,35.1788311,128.0966539
경상남도,진주시,음식점,생막창,꼴통막창,"경상남도 진주시 진주대로542번길 5-8 (가좌동,번지(1층))",055-753-9282,35.1554379,128.1079734
경상남도,진주시,음식점,시그니처,꾸깃꾸깃,"경상남도 진주시 가좌안골길10번길 12 (가좌동, 1층일부)",0507-1330-5344,35.153031,128.1066462
경상남도,진주시,음식점,제주 오겹살,꾸븐제주오겹살,"경상남도 진주시 가좌안골길14번길 9 (가좌동,번지(1층))",055-762-7892,35.1528513,128.1073377
경상남도,진주시,음식점,사케동 정식,끄티식당,"경상남도 진주시 가좌길 11, 1층 일부 (가좌동)",0507-1353-9923,35.1559844,128.1063871
경상남도,진주시,음식점,김밥,나그네김밥,"경상남도 진주시 가좌길74번길 10 (가좌동,(1층))",0,35.1596865,128.1064448
경상남도,진주시,음식점,닭볶음탕,나영이네집밥,"경상남도 진주시 가좌길36번길 16 (가좌동,번지(1층일부))",0507-1366-1249,35.156974,128.1064505
경상남도,진주시,음식점,차돌박이 짬뽕,날마다짬뽕,"경상남도 진주시 강남로167번길 30-2 (칠암동, 1층)",055-759-9991,35.1823899,128.0926446
경상남도,진주시,음식점,청국장찌개,남가람청국장마을,경상남도 진주시 강남로227번길 12 (칠암동),055-755-2507,35.1872925,128.0907083
경상남도,진주시,음식점,양념 돼지갈비,남강숯불갈비,"경상남도 진주시 강남로 159, 1층 (칠암동)",0507-1389-9133,35.1823861,128.0959912
경상남도,진주시,음식점,돔,남강횟집,경상남도 진주시 강남로 143 (칠암동),055-759-8749,35.1811883,128.0965131
경상남도,진주시,음식점,생선초밥,남강회초밥,경상남도 진주시 진주대로908번길 5-5 (칠암동),055-755-9638,35.1818837,128.0902451
경상남도,진주시,음식점,계란빠빠,남매컵밥,"경상남도 진주시 강남로177번길 10, 1층일부 (칠암동)",055-763-4141,35.183802,128.0941193
경상남도,진주시,음식점,십전대보 하수오 삼계탕,남산전당,"경상남도 진주시 강남로 287, 101호 (강남동)",055-753-9282,35.187915,128.0858164
경상남도,진주시,음식점,들깨손칼국시,남촌손칼국시,"경상남도 진주시 진주대로920번길 11-3 (칠암동, 1층)",055-762-3585,35.1829117,128.0902864
경상남도,진주시,음식점,물회,남해물회,"경상남도 진주시 진주대로966번길 4 (칠암동, 1층일부)",055-762-6987,35.18608,128.088137
경상남도,진주시,음식점,어탕국수,내고향생초어탕,"경상남도 진주시 진주대로985번길 14, 1층 (강남동)",055-920-3001,35.1869668,128.0859744
경상남도,진주시,음식점,레드마블치킨,네네치킨,"경상남도 진주시 진주대로953번길 10 (강남동,번지(1층일부))",0504-2015-4176,35.1849168,128.0870755
경상남도,진주시,음식점,충무김밥,노가네충무김밥 신진주역점,"경상남도 진주시 개양로 100, 104동 104호 (가좌동, 스카이 시티프라디움)",0507-1433-3934,35.1543916,128.1166479
경상남도,진주시,주점,모듬전,노다지(민속주점),"경상남도 진주시 진주대로942번길 7 (칠암동, 1층일부)",070-7600-8289,35.1845533,128.0890978
경상남도,진주시,음식점,노랑 3종 세트(치킨),노랑통닭 가좌점,"경상남도 진주시 가좌길74번길 5 (가좌동, 1층일부)",0504-0999-2874,35.1601854,128.1063594
경상남도,진주시,주점,한상,노상,"경상남도 진주시 동진로34번길 8-1, 2층 (칠암동)",0507-1408-2399,35.1782619,128.0950136
경상남도,진주시,음식점,놀부부대찌개,놀부부대찌개,"경상남도 진주시 동진로34번길 9 (칠암동,1층)",0507-457-1969,35.1783416,128.0952458
경상남도,진주시,만화카페,,놀숲,"경상남도 진주시 진주대로 536 (가좌동, 2층 201호일부)",0507-1345-0655,35.1542078,128.1070203
경상남도,진주시,음식점,"딸기라떼, 인삼라떼",느리고바르게디저트카페,"경상남도 진주시 강변길 24, 1층일부 (가좌동)",0,35.1657202,128.1103915
경상남도,진주시,카페,아메리카노,느티마루점,"경상남도 진주시 진주대로 501 (가좌동, (주64), 가설식당 1층일부)",0,35.1519513,128.0979672
경상남도,진주시,음식점,,니도(Nido),"경상남도 진주시 개양로6번길 8-1, 1층 일부 (가좌동)",0507-1381-2175,35.1552871,128.108308
경상남도,진주시,음식점,삼겹살,다드림,"경상남도 진주시 진주대로500번길 9, 1층 일부 (가좌동)",055-762-7724,35.1516528,128.1055577
경상남도,진주시,음식점,아시아차 단품,다유희,"경상남도 진주시 가좌길 52-8, 1층일부층 (가좌동)",055-761-0226,35.1584829,128.1059742
경상남도,진주시,음식점,훈연왕막창,달구지막창강남점,"경상남도 진주시 망경로298번길 8-1 (강남동,번지(1층 일부))",055-756-0610,35.1849839,128.0861246
경상남도,진주시,음식점,닭갈비,닭사랑춘천닭갈비,"경상남도 진주시 동진로34번길 8 (칠암동,1층)",055-753-8088,35.1783289,128.0948439
경상남도,진주시,음식점,순살후라이드 + 간장,닭사리오,"경상남도 진주시 가좌길 82 (가좌동, 1층 일부)",055-756-5425,35.1611428,128.1064156
경상남도,진주시,음식점,제육볶음 도시락,담다올,"경상남도 진주시 진주대로 901, 2층 2024, 2025, 2032호 (강남동, 동성가든타워)",055-761-0961,35.1809127,128.0893296
경상남도,진주시,음식점,남포동 마통갈비,당신은지금치킨이땡긴다 경상대점,"경상남도 진주시 진주대로500번길 6, 2층 3호 (가좌동)",055-759-6707,35.1513697,128.1049152
경상남도,진주시,음식점,낙지볶음,대동식당,"경상남도 진주시 동진로 47 (칠암동,1층)",055-761-0980,35.179204,128.0963974
경상남도,진주시,음식점,짜장면,대만반점,"경상남도 진주시 진주대로 881 (강남동,1층)",055-753-7799,35.1790757,128.0907001
경상남도,진주시,음식점,한우갈비살,대복갈비살,"경상남도 진주시 진주대로866번길 10, 1층 (칠암동)",055-763-6250,35.1777513,128.0925681
경상남도,진주시,음식점,아구찜,대복갈비살,경상남도 진주시 진주대로866번길 10-1 (칠암동),055-761-5207,35.1777539,128.0926752
경상남도,진주시,음식점,두루치기,대봉식당,"경상남도 진주시 진주대로 901 (강남동,동성가든타워지하상가 118)",055-752-8216,35.1809112,128.0893305
경상남도,진주시,음식점,"오리불고기, 들깨오리탕",대지식당,"경상남도 진주시 강남로177번길 15, 1층 (칠암동)",055-763-2782,35.1833982,128.0936024
경상남도,진주시,음식점,원조김밥,대학로김밥,경상남도 진주시 강남로95번길 16 (칠암동),055-757-7089,35.1775657,128.0960654
경상남도,진주시,음식점,"돈가스, 두루치기",대호분식,경상남도 진주시 가좌길 34 (가좌동),070-8988-9082,35.1570518,128.1049766
경상남도,진주시,주점,대패낙지볶음,더(The)술,"경상남도 진주시 가좌안골길24번길 8 (가좌동,(1층))",010-8331-5207,35.1526321,128.1077814
경상남도,진주시,카페,아메리카노,더달콤한하루,"경상남도 진주시 가좌길48번길 15 (가좌동, 1층)",010-5069-1834,35.1582836,128.1067979
경상남도,진주시,음식점,족발,더만족,"경상남도 진주시 가좌안골길14번길 2 (가좌동,번지(1층))",0507-1345-5277,35.1535525,128.1075534
경상남도,진주시,카페,아메리카노,더벤티경상대점,"경상남도 진주시 가좌길 18-1 (가좌동,번지(1층일부))",055-921-5677,35.1563915,128.1056476
경상남도,진주시,카페,아메리카노,더벤티경상대정문점,"경상남도 진주시 진주대로 518, Y ZONE 빌딩 101호 일부 1층 (가좌동)",0,35.1530462,128.1060295
경상남도,진주시,카페,아메리카노,더벤티과기대점,"경상남도 진주시 진주대로 868, 1층 일부 (칠암동)",0,35.1780501,128.0919541
경상남도,진주시,카페,아메리카노,더벤티신진주역점,"경상남도 진주시 관문로 7, 율곡스퀘어프런티어 120호 (가좌동)",0507-0288-7644,35.1522006,128.1168195
경상남도,진주시,음식점,생갈비,더새론갈비,"경상남도 진주시 진주대로929번길 10, 1층일부 (강남동)",010-5119-0844,35.1823606,128.0885614
경상남도,진주시,카페,아메리카노,더웨이닝커피,"경상남도 진주시 가좌길 12 (가좌동, 1층일부,2층)",055-755-2573,35.1562288,128.1064676
경상남도,진주시,카페,아메리카노,더웨이닝커피 바른병원점,"경상남도 진주시 동진로 7 (칠암동, 바른병원 2층일부)",070-8233-2739,35.1791649,128.0917124
경상남도,진주시,카페,아메리카노,더카페(THE CAFE) 다올,"경상남도 진주시 가호로44번길 4, 남부어린이도서관 1층 일부 (가좌동)",055-920-2010,35.1631591,128.1117781
경상남도,진주시,음식점,블루베리스무디,더프룻(The fruit),"경상남도 진주시 가좌길 32-1, 1층 일부 (가좌동)",0,35.1569281,128.1049426
경상남도,진주시,주점,,더홀릭,"경상남도 진주시 가좌안골길10번길 12, 4층 (가좌동)",010-5525-0436,35.1530294,128.1066432
경상남도,진주시,음식점,제육부리또,델브리또,"경상남도 진주시 가좌길 32-3 (가좌동,번지(1층))",055-755-7996,35.1569028,128.1051032
경상남도,진주시,음식점,포테이토,도미노피자(진주 경상대점),"경상남도 진주시 진주대로 624-4 (가좌동, 외1필지 2층)",055-753-4879,35.1620849,128.1068991
경상남도,진주시,음식점,도도한 세트,도복희상회 경상대점,"경상남도 진주시 진주대로500번길 6, 2층 일부 (가좌동)",055-758-3883,35.1513664,128.1049146
경상남도,진주시,음식점,소고기 부리또,도스마스경상대점,경상남도 진주시 가좌길 40 (가좌동),055-756-5070,35.1574108,128.1050881
경상남도,진주시,음식점,양념대왕돈갈비,돈갈비,"경상남도 진주시 진주역로96번길 6-66, 1층 (가좌동)",055-756-3868,35.1496162,128.1129948
경상남도,진주시,음식점,감자탕,돈바리,"경상남도 진주시 진주대로931번길 17-5, 1층 (강남동)",0507-1396-4088,35.1822534,128.0875621
경상남도,진주시,음식점,돼지한마리,돈우하우스,"경상남도 진주시 망경로297번길 13, 1층 (강남동)",0507-1415-9993,35.1865714,128.0858281
경상남도,진주시,음식점,생선카츠,돈카츠마켙 가호점,"경상남도 진주시 관문로 7, 율곡스퀘어 프런티어 122호 (가좌동)",0507-1396-7823,35.1522015,128.1168166
경상남도,진주시,음식점,황금찜닭,동궁찜닭,"경상남도 진주시 가좌안골길14번길 5 (가좌동,(1층))",0507-1396-9282,35.1531874,128.1075746
경상남도,진주시,카페,수제 바닐라라떼,동네커피 가호점,"경상남도 진주시 가호로 8, 2층 (가좌동)",055-758-8140,35.1629125,128.1072516
경상남도,진주시,카페,아메리카노,동네커피 신진주역점,"경상남도 진주시 개양로 100, 상가107동 1층 113호 (가좌동, 스카이 시티프라디움)",055-752-3789,35.1543892,128.1166475
경상남도,진주시,카페,"아메리카노, 수제 바닐라라떼",동네커피 칠암점,"경상남도 진주시 진주대로 918-1, 1층 (칠암동)",055-761-5010,35.1822619,128.0898076
경상남도,진주시,음식점,짜장면,동아반점,"경상남도 진주시 진주대로866번길 16-1, 1층 (칠암동)",0507-959-6957,35.1777747,128.0933009
경상남도,진주시,음식점,"동파육 정식, 짜장면, 짬뽕",동향,"경상남도 진주시 개양로5번길 2 (가좌동,(1층))",0,35.1560558,128.1080349
경상남도,진주시,음식점,얼큰국밥,돼지랑순대랑,"경상남도 진주시 가좌안골길24번길 10, 1층 (가좌동)",055-763-1090,35.1525293,128.1076031
경상남도,진주시,음식점,손칼국수,두레박칼국수,"경상남도 진주시 진주대로987번길 20, 1층일부 (강남동)",0,35.1873577,128.0846194
경상남도,진주시,음식점,"휘낭시에, 에그타르트",두스두스(doucedouce),"경상남도 진주시 강변길20번길 20, 1층일부(옥외-1층야외일부) (가좌동)",055-762-5353,35.1662996,128.10941
경상남도,진주시,음식점,뒷고기생고기,뒷고기회관 가좌점,"경상남도 진주시 가좌안골길6번길 5, 1층 (가좌동)",0,35.1534707,128.1069638
경상남도,진주시,음식점,국물떡볶이,드링킹,"경상남도 진주시 진주대로 510 (가좌동, 2층 201호)",055-759-7977,35.1524166,128.1057132
경상남도,진주시,음식점,등촌칼국수,등촌샤브칼국수 진주칠암점,"경상남도 진주시 동진로 25, 태성빌딩 2층 201호 (칠암동)",055-741-7777,35.179156,128.0937602
경상남도,진주시,주점,,땡기는술집,"경상남도 진주시 진주대로953번길 17 (강남동,번지(1층))",0,35.1844697,128.0863488
경상남도,진주시,주점,순살 두마리 2종 세트,땡초닭비어,"경상남도 진주시 동진로34번길 11, 2층 (칠암동)",0,35.1782314,128.0953062
경상남도,진주시,음식점,땡초김밥,떙초김밥가좌호탄점,"경상남도 진주시 가좌길64번길 1 (가좌동, 1층일부)",0,35.1597145,128.1059306
경상남도,진주시,음식점,떡참떡볶이,"떡볶이참잘하는집,떡참진주가호점","경상남도 진주시 가좌길74번길 3, 1층일부 (가좌동)",0,35.1603097,128.1062609
경상남도,진주시,주점,똥집볶음,똥꼬(과기대점),경상남도 진주시 동진로34번길 6-10 (칠암동),0,35.1785538,128.0944495
경상남도,진주시,음식점,아구찜,뚝섬아구찜,"경상남도 진주시 진주대로908번길 5-5 (칠암동, 가제A호 1층)",0,35.1818852,128.0902439
경상남도,진주시,음식점,으뜸목불고기,뚱보화로불고기 칠암점,경상남도 진주시 강남로 107 (칠암동),0,35.1781108,128.0977229
경상남도,진주시,음식점,그릭요거트,라그릭(RaGreek),"경상남도 진주시 강남로167번길 30, 1층 (칠암동)",0,35.1824387,128.0927857
경상남도,진주시,주점,,라노떼호프,"경상남도 진주시 진주대로953번길 18-1, 1층일부 (강남동)",0,35.1846267,128.0861282
경상남도,진주시,음식점,에그스콘,라니네디저트,"경상남도 진주시 진주대로920번길 21, 1층 (칠암동)",0,35.1831183,128.0915253
경상남도,진주시,음식점,"마라탕, 꿔바로우",라맛쿵부가좌점,"경상남도 진주시 가좌길 54 (가좌동,번지(1층))",0,35.1587118,128.1055661
경상남도,진주시,음식점,모듬사시미,라이,"경상남도 진주시 진주대로 548 (가좌동,번지 유일빌딩 104호)",055-759-2182,35.1555063,128.1076515
경상남도,진주시,음식점,"계란폭탄키토김밥, 목살스테이크",라잇틀리,"경상남도 진주시 관문로 7, 율곡스퀘어 프런티어 112호 (가좌동)",055-759-8910,35.1522016,128.1168161
경상남도,진주시,음식점,"마라탕, 꿔바로우",라쿵푸마라탕진주점,"경상남도 진주시 동진로 25, 태성빌딩 1층 103호 (칠암동)",055-748-0366,35.1791561,128.0937604
경상남도,진주시,카페,"아메리카노, 반반크로플",라튤립,"경상남도 진주시 강변길 20 (가좌동, 1층)",0,35.1655687,128.1106189
경상남도,진주시,음식점,마라탕,라화쿵부진주경상대점,"경상남도 진주시 진주대로 546, 미켈란젤로 빌딩 1층 101호일부, 102호 (가좌동)",055-757-5500,35.1552849,128.1075621
경상남도,진주시,음식점,수제함박스테이크,런던키친,"경상남도 진주시 진주대로542번길 19 (가좌동, 1층)",055-763-3373,35.1543711,128.1090141
경상남도,진주시,카페,"레도라떼, 바나나라떼, 츄러스",레도커피(REDO COFFEE),"경상남도 진주시 가좌길84번길 10, 일부 1층 (가좌동)",0,35.1606378,128.106694
경상남도,진주시,카페,"샌드위치, 스모어 크루키, 아메리카노",레이지독(LAZY DOG),"경상남도 진주시 진주대로908번길 17-6, 1층 (칠암동)",0,35.1824202,128.0916592
경상남도,진주시,카페,"오미자차, 팥빙수, 아메리카노",로뎀주스,"경상남도 진주시 진주대로 540 (가좌동, 1층일부)",0,35.1546123,128.1072446
경상남도,진주시,카페,아메리카노,로스터리카페뜰,"경상남도 진주시 강변길20번길 22 (가좌동, 1층일부)",0,35.1663334,128.1092419
경상남도,진주시,음식점,"링고링고, 커피, 넛앤머드",로우로우,"경상남도 진주시 가좌길48번길 1, 1층일부 (가좌동)",0,35.1583637,128.1054208
경상남도,진주시,음식점,더블 한우불고기버거,롯데리아(경상대점),"경상남도 진주시 진주대로 594 (가좌동,외1필지(지상1층))",0,35.1597182,128.1078365
경상남도,진주시,음식점,더블 한우불고기버거,롯데리아산업대점,"경상남도 진주시 동진로 23 (칠암동,번지 (1층))",0,35.1791123,128.0935284
경상남도,진주시,카페,아메리카노,루씨르,"경상남도 진주시 가좌길 22 (가좌동, 2층일부)",0,35.1564208,128.1054985
경상남도,진주시,인터넷 카페,,리뷰PC카페,"경상남도 진주시 동진로 28, M코아빌딩 3층 302호 일부 (칠암동)",0,35.1786431,128.0941752
경상남도,진주시,음식점,주문 케이크,림메이크(rim:ake),"경상남도 진주시 강남로167번길 22, 1층일부 (칠암동)",070-7722-3579,35.1826741,128.0934717
경상남도,진주시,주점,브루스게타,마가리타,"경상남도 진주시 진주역로 116, 더퍼스트웰가시티 2층 216호 (가좌동)",0,35.1519708,128.1164199
경상남도,진주시,음식점,모듬회,마라도횟집,"경상남도 진주시 진주대로953번길 16, 1층 일부 (강남동)",0,35.1847289,128.0864331
경상남도,진주시,음식점,"마라탕, 꿔바로우",마라제국,"경상남도 진주시 진주대로 502, 1층일부 (가좌동)",0,35.1517112,128.1050502
경상남도,진주시,음식점,"삽겹살, 한우등심, 한우안심",마루축산식육식당,"경상남도 진주시 진주대로960번길 11-1 (칠암동,1층일부)",0,35.18619,128.0889137
경상남도,진주시,카페,아메리카노,마망구떼,"경상남도 진주시 강남로 169, 1층 일부층 (칠암동)",0,35.1832962,128.0954555
경상남도,진주시,음식점,"마왕통구이, 마왕보쌈구이",마왕족발진주경상대점,"경상남도 진주시 진주대로 530, 1층일부 101-1호 (가좌동)",055-762-9020,35.1538844,128.1068093
경상남도,진주시,음식점,"생아구찜, 대구뽈찜",마해아구찜,"경상남도 진주시 진주역로 114, 상가4동 105호 (가좌동, 시티프라디움)",0,35.1512141,128.115894
경상남도,진주시,음식점,"떡볶이, 순대, 오뎅",만나분식,"경상남도 진주시 동부로 5, 1층일부 (가좌동)",0,35.1595329,128.1081734
경상남도,진주시,음식점,석쇠불고기,만나원,"경상남도 진주시 진주대로920번길 12-9 (칠암동,1층)",0,35.1824457,128.0910387
경상남도,진주시,음식점,"찹쌀 꽈배기, 찹쌀 팥도너츠",만나찹쌀꽈배기,"경상남도 진주시 동진로 10, 1층 일부 (칠암동)",0,35.1786632,128.0922159
경상남도,진주시,음식점,싸이버거,맘스터치 피자앤치킨 진주역점,"경상남도 진주시 개양로 112, 신진주역세권 줌테라스 1층 102호 (가좌동)",055-755-6665,35.1544827,128.1182581
경상남도,진주시,음식점,싸이버거,맘스터치진주경상대점,"경상남도 진주시 진주대로 500 (가좌동,번지(2층))",055-761-5966,35.1515045,128.1047296
경상남도,진주시,음식점,싸이버거,맘스터치진주과기대점,"경상남도 진주시 동진로 29 (칠암동,번지 외 1필지씨티펄상가2층(201,202,203호))",0,35.1792391,128.0942815
경상남도,진주시,음식점,"물국수, 비빔국수",맛나국수,"경상남도 진주시 가좌길 69, 1층일부 (가좌동)",055-763-7006,35.1602163,128.105761
경상남도,진주시,음식점,왕족발,맛에취하는족발,"경상남도 진주시 개양로 100, 상가106동 105호 (가좌동, 스카이 시티프라디움)",055-759-8885,35.1543907,128.1166477
경상남도,진주시,음식점,떡볶이,맛이좋은집,"경상남도 진주시 진주대로 901 (강남동, 상가지상1층1028호)",055-761-9266,35.1809135,128.0893274
경상남도,진주시,음식점,1인 무한 ,맛있는착한고기경상대점,"경상남도 진주시 진주대로500번길 5 (가좌동,번지(1층일부))",055-763-8801,35.1514752,128.1053459
경상남도,진주시,음식점,"흑돼지 삽겹살, 흑돼지 목살",맛있으면돼지,"경상남도 진주시 개양로 100, 상가동 107동 1층 105호 (가좌동, 스카이 시티프라디움)",055-763-6565,35.1543924,128.1166488
경상남도,진주시,음식점,마라탕,맛짱마라탕 칠암점,"경상남도 진주시 강남로95번길 24, 1층일부 (칠암동)",055-759-5982,35.1780364,128.0954618
경상남도,진주시,음식점,"누들 팟타이, 스테이크 덮밥",매료,"경상남도 진주시 동진로20번길 9-4 (칠암동, 1층)",0,35.1781424,128.0938863
경상남도,진주시,카페,아메리카노,메가엠지씨커피진주칠암점,"경상남도 진주시 진주대로 888, 아이비타워 1층 103호 (칠암동)",055-763-0097,35.1797945,128.0910735
경상남도,진주시,음식점,"콤피네이션 피자, 목살 스테이크",멘탈비히클,"경상남도 진주시 가좌안골길14번길 4 (가좌동,번지(1층))",055-763-8254,35.1534221,128.1074601
경상남도,진주시,음식점,냉 메밀 국수,면만드는사람들(정촌신진주역점),"경상남도 진주시 관문로 7, 율곡스퀘어 프런티어 124호 (가좌동)",0,35.152203,128.1168156
경상남도,진주시,음식점,"충무김밥, 밀면",명가충무김밥,"경상남도 진주시 진주대로 881, 1층 일부 (강남동)",0,35.1790792,128.0906992
경상남도,진주시,음식점,핫도그,명랑핫도그경상대점,"경상남도 진주시 가좌길 14-1, 1층일부 (가좌동)",0,35.1564136,128.1060762
경상남도,진주시,음식점,"명물부대찌개, 삼겹한판",명물부대찌개,"경상남도 진주시 진주대로908번길 11-5, 1층 (칠암동)",0,35.1820343,128.0906757
경상남도,진주시,음식점,"명샤브, 삼겹한판",명샤브,"경상남도 진주시 동진로 36, 1층 일부 (칠암동)",0,35.1788545,128.0950991
경상남도,진주시,음식점,한우생고기모듬,목넴기숯불갈비식육식당,"경상남도 진주시 진주대로931번길 9 (강남동,번지(1.2층))",055-761-1255,35.1826465,128.0884441
경상남도,진주시,카페,"에그타르트, 아메리카노",목요일오후네시,"경상남도 진주시 강남로247번길 6-1, 1층 일부 (칠암동)",0,35.1878449,128.0900974
경상남도,진주시,음식점,"크루키, 약과쿠키",몬트쿠키,"경상남도 진주시 가좌길 18-4, 1층일부 (가좌동)",0,35.1564419,128.1058987
경상남도,진주시,주점,로제치킨파스타,무지개맥주,"경상남도 진주시 진주대로 528, 영빌딩 1층 101호 (가좌동)",0,35.1537035,128.1066789
경상남도,진주시,카페,"케이크, 아메리카노",미뇽(Mignon),"경상남도 진주시 강남로 189, 1층 일부 (칠암동)",0,35.1847653,128.0942742
경상남도,진주시,음식점,마라탕,미미관마라탕경상대점,"경상남도 진주시 진주대로 544 (가좌동, 107,108호)",055-752-1727,35.1550732,128.1074667
경상남도,진주시,음식점,족발,미인족발,"경상남도 진주시 동진로20번길 9-6, 외1필지 1층 (칠암동)",0,35.1781671,128.093988
경상남도,진주시,음식점,순살 파닭,미쳐버린파닭 경상대점,"경상남도 진주시 가좌길 75, 1층 일부 (가좌동)",0,35.1606542,128.1058391
경상남도,진주시,음식점,짜장면,미향루,"경상남도 진주시 가좌길 84 (가좌동,1층)",055-920-1117,35.1612972,128.1065042
경상남도,진주시,음식점,세트메뉴,밀리오레김밥 앤 돈까스,"경상남도 진주시 가좌길 44 (가좌동,1층)",0,35.1579799,128.1052757
경상남도,진주시,음식점,"수제비, 돈까스",밀밭수제비,"경상남도 진주시 가좌길40번길 2 (가좌동,1층)",055-759-1888,35.1574094,128.1052209
경상남도,진주시,음식점,"핫도그, 부리또",밀플랜비 진주점,"경상남도 진주시 진주역로 114, 상가2동 1층 101호 (가좌동, 시티프라디움)",055-762-8880,35.1512156,128.1158955
경상남도,진주시,음식점,"돈까스, 제육볶음",바르원 앤 밀면,"경상남도 진주시 진주대로500번길 8, 1층 (가좌동)",055-772-6561,35.1511908,128.1051451
경상남도,진주시,카페,아메리카노,바른주스,"경상남도 진주시 강남로 79, 경상대학교병원 류마티스 및 퇴행성관절염 전문질환센터동 1층 일부 (칠암동)",055-758-9614,35.1771404,128.0953894
경상남도,진주시,음식점,숙성오겹,박가네솥뚜껑,"경상남도 진주시 동진로34번길 6-4 (칠암동,1층)",0,35.1786163,128.0946563
경상남도,진주시,카페,아메리카노,반반스프링스커피 경대점,"경상남도 진주시 가좌안골길6번길 1 (가좌동, 1층)",055-753-3077,35.1537403,128.1071579
경상남도,진주시,음식점,"물국수, 수제비",반천촌국수,"경상남도 진주시 진주대로568번길 6 (가좌동, 1층)",055-754-3999,35.1571894,128.1080676
경상남도,진주시,음식점,"순두부찌개, 김치찌개",밥풀릭스 가호점,"경상남도 진주시 개양로 100, 상가102동 103호 (가좌동, 스카이 시티프라디움)",055-752-8293,35.1543903,128.1166483
경상남도,진주시,카페,아이스크림,배스킨라빈스 신진주역점,"경상남도 진주시 관문로 7, 율곡스퀘어 프런티어, 102호 103호 1층 (가좌동)",055-752-0979,35.1522021,128.1168151
경상남도,진주시,카페,아이스크림,배스킨라빈스진주경상대점,"경상남도 진주시 진주대로 510 (가좌동, 103호)",0,35.1524158,128.1057138
경상남도,진주시,인터넷카페,,배틀스타블랙PC방,"경상남도 진주시 진주대로 514 (가좌동, 프리윌 2층 201호일부)",0,35.1526234,128.1059389
경상남도,진주시,인터넷카페,,배틀스타피씨방매점,"경상남도 진주시 진주대로516번길 6, 3층일부 (가좌동)",0,35.1524987,128.1062589
경상남도,진주시,음식점,돼지막창,백가네대구막창,"경상남도 진주시 동진로20번길 17 (칠암동,번지(1층,2층))",0,35.1777481,128.0939246
경상남도,진주시,음식점,백번 한접시,백번집,"경상남도 진주시 개양로 100, 상가104동 1층 106호 (가좌동, 스카이 시티프라디움)",0,35.15439,128.1166477
경상남도,진주시,음식점,"칼국수, 오리얼큰탕",백조품은오리,"경상남도 진주시 진주대로920번길 10 (칠암동,1층)",0,35.1823707,128.0902312
경상남도,진주시,음식점,"스크럼블에그버거, 머쉬룸버거, 리코타치즈버거",버거스테이지진주역점,"경상남도 진주시 관문로 7, 121호 (가좌동)",0,35.1522028,128.1168147
경상남도,진주시,음식점,와퍼,버거킹진주경상대점,"경상남도 진주시 진주대로 540 (가좌동, JS현서빌딩102호)",0,35.1546122,128.1072423
경상남도,진주시,주점,,번개포차,"경상남도 진주시 동진로34번길 6-5 (칠암동,1층일부)",0,35.1783938,128.0946772
경상남도,진주시,음식점,"벌집삼겹살, 벌집껍데기",벌집삼겹살,"경상남도 진주시 가좌안골길14번길 6 (가좌동,번지(1층))",0,35.1532909,128.1073659
경상남도,진주시,만화카페,,벌툰진주본점,"경상남도 진주시 동진로 25, 태성빌딩 4층일부 (칠암동)",055-771-2508,35.1791556,128.0937598
경상남도,진주시,카페,아메리카노,베네치아(VENEZIA),"경상남도 진주시 관문로 7, 율곡스퀘어 프런티어 218호 (가좌동)",0,35.1522025,128.116815
경상남도,진주시,카페,,베스킨라빈스산업대점,"경상남도 진주시 동진로 36-1 (칠암동, 1층)",0,35.1787513,128.0950781
경상남도,진주시,음식점,닭도리탕,보애씨,"경상남도 진주시 강남로95번길 22, 1층 (칠암동)",0,35.1779386,128.0955227
경상남도,진주시,음식점,닭갈비,복호식당,"경상남도 진주시 가좌길 22 (가좌동,1층)",055-754-5802,35.1564214,128.1054981
경상남도,진주시,음식점,본격도시락,본도시락진주경상국립대점,"경상남도 진주시 진주대로920번길 18 (칠암동, 1층일부)",055-757-7786,35.1827043,128.0912033
경상남도,진주시,음식점,"본죽 반반쮹, 능이삼계죽",본죽,"경상남도 진주시 동진로 19 (칠암동, 1층일부)",0,35.1790546,128.0932049
경상남도,진주시,음식점,"돈불백열무비빔밥, 능이삼계죽, 본죽 반반쮹",본죽앤비빔밥진주역점,"경상남도 진주시 진주역로 116, 더퍼스트웰가시티 1층 107호 (가좌동)",0,35.1519727,128.1164206
경상남도,진주시,음식점,"비빔밥, 한우국밥",본토비빔밥,"경상남도 진주시 강남로201번길 7 (칠암동,1층)",0,35.1855891,128.0929991
경상남도,진주시,음식점,"치킨 덮밥, 돼지삼겹덮밥",봄들식당,"경상남도 진주시 동진로 19, 1층 일부 (칠암동)",0,35.1790544,128.093205
경상남도,진주시,음식점,"햄치즈밥버거, 치즈닭갈비밥버거",봉구스 밥버거,"경상남도 진주시 동진로 42 (칠암동,번지(1층일부))",0,35.1787802,128.095652
경상남도,진주시,음식점,"햄치즈밥버거, 치즈닭갈비밥버거",봉구스밥버거,"경상남도 진주시 가좌길40번길 1 (가좌동,번지(1층일부))",0,35.157623,128.1051669
경상남도,진주시,음식점,돼지국밥,부산돼지국밥,"경상남도 진주시 개양로6번길 6 (가좌동, 1층)",055-920-1199,35.1554427,128.1081253
경상남도,진주시,음식점,돼지국밥,부산돼지국밥,"경상남도 진주시 강남로95번길 20 (칠암동, 1층)",0,35.1777626,128.0957108
경상남도,진주시,음식점,물회,부산물회,"경상남도 진주시 진주대로915번길 14 (강남동, 1층일부)",0,35.1817548,128.0881019
경상남도,진주시,음식점,동태탕,부산분식,경상남도 진주시 진주대로948번길 7 (칠암동),055-762-9439,35.1849641,128.0889742
경상남도,진주시,음식점,양념 꼼장어구이,부산장어,"경상남도 진주시 강남로 297, 1층 (강남동)",055-757-6713,35.1876695,128.0847775
경상남도,진주시,주점,"양꼬치, 마라탕, 마라가재",북경양꼬치,"경상남도 진주시 가좌안골길16번길 2 (가좌동, (1층))",055-755-2573,35.1533873,128.1078966
경상남도,진주시,음식점,"분쌀 떡볶이, 떡튀순 세트",분식쌀롱 가호점,"경상남도 진주시 가호로 17-10, 105(상가)동 103호 (가좌동, 올리움아파트)",0,35.1646906,128.1081618
경상남도,진주시,음식점,"목우촌왕소금구이, 싱싱생삼겹살",불돈생돈산업대점,"경상남도 진주시 동진로20번길 29, 1층 (칠암동)",055-753-8018,35.1781144,128.0949589
경상남도,진주시,음식점,"막창, 한우곱창전골",불막열삼 경상대점,"경상남도 진주시 가좌안골길14번길 11 (가좌동, 1층)",055-763-3535,35.1527224,128.1072386
경상남도,진주시,음식점,"막창, 한우곱창전골",불막열삼 신진주시티가좌점,"경상남도 진주시 개양로 100, 상가101동 111,112호 (가좌동, 스카이 시티프라디움)",055-758-4554,35.1543901,128.1166472
경상남도,진주시,음식점,"막창, 한우곱창전골",불막열삼 진주칠암점,"경상남도 진주시 진주대로908번길 4, 1층일부 (칠암동)",055-761-1810,35.1813335,128.090256
경상남도,진주시,음식점,"비빔밥, 두루치기",붐비나분식,"경상남도 진주시 진주대로 901 (강남동,동성상가 지하 1층 121호)",0,35.180913,128.0893284
경상남도,진주시,음식점,"붕어빵, 땅콩과자, 호두과자",붕호땅,"경상남도 진주시 개양로 67, 115동 1층 107호 (가좌동, 프리미어 웰가)",0,35.1559323,128.1131189
경상남도,진주시,음식점,핸드드립 커피,브라운핸즈 라키비움 진주엠비씨점,"경상남도 진주시 가호로 13, MBC경남진주 1층 일부 (가좌동)",0,35.1637525,128.1073415
경상남도,진주시,음식점,"미숫가루, 닭가슴살 샌드위치",브런치 앤 딘치,"경상남도 진주시 동진로50번길 5, 1층 일부 (칠암동)",055-755-3477,35.1785966,128.0966683
경상남도,진주시,카페,"아메리카노, 치즈케이크",블랙폼,"경상남도 진주시 진주대로542번길 9-1 (가좌동, 1층)",0,35.154921,128.1081757
경상남도,진주시,카페,아메리카노,블루리본컵케익(BLue RibBon CuPcAkEs),"경남 진주시 진주대로500번길 38 1층진주시 진주대로500번길 10-11 (가좌동,번지(1층))",0,35.1504592,128.1046415
경상남도,진주시,카페,아메리카노,블루포트 연암공대점,"경상남도 진주시 진주대로629번길 35, 연암공과대학교 연암미래관16동 1층일부 (가좌동)",0,35.1646784,128.0990784
경상남도,진주시,카페,아메리카노,블루포트경남과학기술대점,"경상남도 진주시 동진로 33, 경남과학기술대학교 39동(도서관)1층 일부 (칠암동)",0,35.1806315,128.0939083
경상남도,진주시,카페,아메리카노,블루포트진주경상국립대학교병원점,"경상남도 진주시 강남로 79 (칠암동, 경상대학교병원 본관동(1동) 1층일부)",055-754-8740,35.1771409,128.0953888
경상남도,진주시,주점,"모듬감자튀김, 김치우동",비가오는 날엔,"경상남도 진주시 진주대로 522 (가좌동, 유시티빌딩 3층 303호)",055-755-7536,35.153304,128.1063954
경상남도,진주시,음식점,"짬뽕, 유산슬면",비금,"경상남도 진주시 진주대로920번길 5, 1층 일부 (칠암동)",0,35.1826075,128.0898986
경상남도,진주시,음식점,황금올리브치킨,비비큐 신진주역점 (BBQ),"경상남도 진주시 개양로 100, 상가동 1층 107동 110호 (가좌동, 스카이 시티프라디움)",0,35.1543908,128.1166472
경상남도,진주시,음식점,황금올리브치킨,비비큐 치킨앤비어(칠암점),"경상남도 진주시 동진로20번길 25 (칠암동,1층)",055-753-8250,35.1779358,128.0945337
경상남도,진주시,음식점,황금올리브치킨,비비큐치킨가호점,"경상남도 진주시 가좌길74번길 11, 1층 일부층 (가좌동)",0,35.1598599,128.1068303
경상남도,진주시,인터넷카페,,비비피씨방 개양점,"경상남도 진주시 진주대로 526, 센텀빌딩 4층 일부401호 (가좌동)",0,35.153526,128.1065529
경상남도,진주시,음식점,"돈카츠 정식, 치킨카츠 정식",비샤몬텐,"경상남도 진주시 가좌길29번길 30 (가좌동, 1층일부)",055-753-6070,35.1572267,128.1027303
경상남도,진주시,음식점,"뿌링클, 맛초킹",비에이치씨(BHC)신진주역점,"경상남도 진주시 관문로 7, 134,135호 (가좌동)",0,35.1522027,128.1168156
경상남도,진주시,음식점,"뿌링클, 맛초킹",비에이치씨강남점,"경상남도 진주시 진주대로 925, 1층일부층 (강남동)",0,35.1827538,128.0889639
경상남도,진주시,음식점,"뿌링클, 맛초킹",비에이치씨경상대점,"경상남도 진주시 진주대로500번길 9-1 (가좌동,번지 신영빌딩 (1층))",0,35.1518606,128.1058018
경상남도,진주시,음식점,"샐리 옥슈슈피자, 불고기피자",빅스타피자 진주강남점,"경상남도 진주시 진주대로 925, 1층 일부 (강남동)",0,35.1827535,128.0889651
경상남도,진주시,카페,"자도그라니따, 휘낭시에, 아메리카노",빌레이(Belay),"경상남도 진주시 강남로201번길 25, 1층 일부 (칠암동)",0,35.1850628,128.0912975
경상남도,진주시,카페,아메리카노,빽다방 진주경상대후문점,"경상남도 진주시 가좌길 17-1, 1층일부 (가좌동)",0,35.15613,128.1055466
경상남도,진주시,카페,아메리카노,빽다방진주과기대점,"경상남도 진주시 동진로 21, 1층 일부 (칠암동)",0,35.1790939,128.0933298
경상남도,진주시,카페,아메리카노,빽다방진주역점,"경상남도 진주시 관문로 7, 율곡스퀘어 프런티어 1층 126호 (가좌동)",055-758-0085,35.152203,128.116816
경상남도,진주시,음식점,열탄불고기피자,빽보이피자 진주가좌점,"경상남도 진주시 진주역로 116, 더퍼스트웰가시티 103호 (가좌동)",055-752-6855,35.151972,128.1164193
경상남도,진주시,주점,와인,사건의장소,"경상남도 진주시 가좌길 14 (가좌동, 지하1층일부)",055-762-0031,35.156248,128.1062909
경상남도,진주시,주점,"칵테일, 위스키, 와인",사운드가든,"경상남도 진주시 가좌길 18-1 (가좌동,2층)",055-759-6175,35.1563933,128.1056488
경상남도,진주시,주점,매콤 치즈 삼겹 낙지 볶음,사월주가,"경상남도 진주시 동진로34번길 7 (칠암동,2층)",0,35.1785279,128.0951262
경상남도,진주시,음식점,"물냉면, 비빔냉면, 육전",사천냉면,"경상남도 진주시 강남로177번길 17 (칠암동, 1층)",0,35.1833095,128.0933413
경상남도,진주시,음식점,쭈꾸미,산대쭈꾸미,"경상남도 진주시 동진로20번길 9-7 (칠암동, 1층일부)",055-757-0700,35.1784477,128.0941082
경상남도,진주시,주점,,산들호프,"경상남도 진주시 강남로255번길 4 (칠암동,번지(1층))",0,35.1881815,128.089021
경상남도,진주시,음식점,"불고기백반, 된장찌개",산울림식당,"경상남도 진주시 가좌길64번길 14 (가좌동, 1층일부)",0,35.1588378,128.1068363
경상남도,진주시,음식점,"한우생고기, 한우육회, 삼겹살",산청식육식당,"경상남도 진주시 진주대로908번길 25 (칠암동,번지(1층))",0,35.1822995,128.0924215
경상남도,진주시,음식점,"물밀면, 비빔밀면",삼삼밀면,"경상남도 진주시 진주대로542번길 19-2 (가좌동,(1층))",055-752-4089,35.1544924,128.1090126
경상남도,진주시,음식점,뷔페,삼성패밀리뷔페 돌잔치전문점,"경상남도 진주시 진주대로 901, 2091~2095,2033~2054,2006~2017호 (강남동, 동성가든타워)",0,35.1809136,128.0893266
경상남도,진주시,주점,,삼천포실비,"경상남도 진주시 강변길 26, 1층 일부 (가좌동)",0,35.1657795,128.1102562
경상남도,진주시,음식점,짜장면,삼호반점,"경상남도 진주시 진주대로929번길 12 (강남동,번지(1층))",0,35.1822813,128.0885314
경상남도,진주시,음식점,"마르게리따, 새우필라프, 빼쉐",상남자키친,"경상남도 진주시 가좌길 14 (가좌동,2층일부)",055-752-2110,35.1562483,128.1062907
경상남도,진주시,음식점,"기러기코스요리, 토종닭누룽지백숙, 오리누룽지백숙",상림기러기,"경상남도 진주시 진주대로671번길 13 (가좌동,1층일부)",0,35.165262,128.1048568
경상남도,진주시,음식점,"짜장면, 짬뽕",상하이,"경상남도 진주시 동진로 28 (칠암동, M코아빌딩 1층일부(102호,103호,104호))",0,35.1786695,128.0941543
경상남도,진주시,음식점,"연탄불고기, 7분돼지김치",새마을식당,"경상남도 진주시 진주대로516번길 6-1, 가자상가 102호 (가좌동)",0,35.1522521,128.1060894
경상남도,진주시,음식점,숙성 오겹살 김치찜,색다른밥,경남 진주시 가호로 35 색다른밥,0,35.1601028,128.1064552
경상남도,진주시,음식점,생과일 왕빙수,샌드데이,경상남도 진주시 가좌길 16,0,35.1562986,128.1060492
경상남도,진주시,음식점,"포케, 샐러드",샐러든,"경상남도 진주시 진주대로920번길 18, 1층 일부 (칠암동)",0,35.1827043,128.0912033
경상남도,진주시,카페,아메리카노,생활관관리동카페(생활관카페테리아),"경상남도 진주시 진주대로 501 (가좌동, (주19), 생활관리동 1층일부)",0,35.1519528,128.0979666
경상남도,진주시,음식점,"감베로니 로제파스타, 페로니피자",샤블리,"경상남도 진주시 강남로177번길 9, 1층 일부 (칠암동)",055-763-1982,35.1836047,128.0941666
경상남도,진주시,주점,차돌 매운 크림짬뽕,서요 경상대점,"경상남도 진주시 진주대로 522 (가좌동,번지 U-CITY빌딩109,110호)",0,35.1533049,128.1063945
경상남도,진주시,음식점,"비빔냉면, 물냉면, 섞음냉면",서울냉면,"경상남도 진주시 진주대로500번길 12-4, 1층 (가좌동)",0,35.1508602,128.1051194
경상남도,진주시,음식점,설렁탕,서울설렁탕 경상대점,"경상남도 진주시 개양로 5 (가좌동,번지(1층))",0,35.1559304,128.1080323
경상남도,진주시,음식점,돼지생삼겹,선학식당,"경상남도 진주시 진주대로 921, 1층 (강남동)",055-762-3438,35.1824335,128.089043
경상남도,진주시,음식점,인절미빙수,설빙(경상대점),"경상남도 진주시 가좌안골길6번길 3 (가좌동, 2층)",0,35.1536029,128.107057
경상남도,진주시,음식점,"청국장 솥밥상, 콩까스 솥밥상, 순두부 솥밥상",성아콩세상웰빙밥상,"경상남도 진주시 진주대로920번길 11-6 (칠암동,번지(2층))",0,35.1831174,128.0904397
경상남도,진주시,음식점,"짜장면, 짬뽕",성진관,"경상남도 진주시 진주대로866번길 14 (칠암동,1층)",0,35.177765,128.093066
경상남도,진주시,음식점,"브루잉, 오렌지카푸치노",세렌디피티(SERENDIPITY),"경상남도 진주시 동진로50번길 12, 1층 일부 (칠암동)",0,35.1781534,128.096589
경상남도,진주시,편의점,,세븐일레븐진주동성카페점,"경상남도 진주시 진주대로 901, 상가동 1층 1116~1118호 (강남동, 동성가든타워)",0,35.1809129,128.0893268
경상남도,진주시,편의점,,세븐일레븐진주율곡스퀘어점,"경상남도 진주시 관문로 7, 128호 (가좌동)",0,35.1522028,128.1168156
경상남도,진주시,편의점,,세븐일레븐진주천전점,"경상남도 진주시 동진로 21, 1층 일부 (칠암동)",05-5921-5677,35.1790944,128.0933298
경상남도,진주시,음식점,나드리 야채 김밥,세연푸드 나드리김밥 진주경상대병원점,"경상남도 진주시 강남로 79, 경상대학교병원 류마티스 및 퇴행성관절염 전문질환센터 2층 일부 (칠암동)",055-753-4375,35.1771406,128.0953906
경상남도,진주시,카페,"아메리카노, 미트파이",센트럴베이크샵(central bake shop),"경상남도 진주시 진주대로 506-1, 1층 (가좌동)",0,35.1519787,128.1056452
경상남도,진주시,음식점,"따로극밥, 돼지수육백반",소문난반성장터국밥,"경상남도 진주시 동진로 50 (칠암동,1층)",055-761-7633,35.1788312,128.0966514
경상남도,진주시,카페,"에그타르트쿠키, 소소크림라떼",소소커피,"경상남도 진주시 가좌길64번길 1 (가좌동, 1층일부)",055-755-8990,35.1597168,128.1059315
경상남도,진주시,음식점,소갈비찜,소우리,"경상남도 진주시 진주대로920번길 11-2 (칠암동,1층)",055-757-1118,35.1828146,128.0905914
경상남도,진주시,음식점,"수육, 고추냉이 마요 새우",소우주,"경상남도 진주시 강남로247번길 6-3 (칠암동, 1층 일부)",055-772-0955,35.1877935,128.0900311
경상남도,진주시,음식점,"소호한상, 소호모듬사시미",소호스시,"경상남도 진주시 진주대로647번길 6-7, 2층 (가좌동)",055-772-0946,35.1648423,128.1051956
경상남도,진주시,음식점,"된장찌개, 돌솥비빔밥, 갈비탕",손맛시대,"경상남도 진주시 진주대로 893-1 (강남동,1층)",055-772-0941,35.1801891,128.0903027
경상남도,진주시,음식점,들깨 샤브샤브,솥,"경상남도 진주시 가호로 4 (가좌동,번지(1층일부))",055-772-0942,35.1628592,128.1069278
경상남도,진주시,음식점,"스테이크 솥밥, 한돈 스테이크 솥밥",솥밥갤러리,"경상남도 진주시 동진로34번길 6-14, 2층 (칠암동)",0,35.1784645,128.0942171
경상남도,진주시,음식점,"돈토루덮밥, 사케동, 대창덮밥",쇼우도우,"경상남도 진주시 가좌길64번길 5 (가좌동, 1층 일부)",070-7018-4500,35.1594698,128.1062798
경상남도,진주시,음식점,"치즈김밥, 불고기비빔밥, 냄비우동",수기김밥,"경상남도 진주시 진주대로929번길 9, 1층 일부 (강남동)",0,35.182377,128.0888415
경상남도,진주시,주점,닭꼬치,수내닭꼬치경상대점,"경상남도 진주시 진주대로 526 (가좌동, 센텀빌딩103호)",055-762-0038,35.1535258,128.1065525
경상남도,진주시,음식점,"돈까스김치나베, 스페셜돈까스",수돈까스,"경상남도 진주시 동진로34번길 6-8 (칠암동, 1층)",0557-5288-23,35.1786328,128.0945323
경상남도,진주시,주점,"한우 육회, 연어사시미",수라간,"경상남도 진주시 동진로34번길 6-12, 1층 (칠암동)",0,35.1785163,128.094334
경상남도,진주시,주점,,수복포차,"경상남도 진주시 가좌안골길10번길 9 (가좌동,번지 103호 (1층 ))",0,35.1529255,128.1070085
경상남도,진주시,음식점,"얼큰우동, 어묵우동",수유리우동집진주역점,"경상남도 진주시 개양로 100, 상가101동 1층 104호 (가좌동, 스카이 시티프라디움)",0,35.1543904,128.1166478
경상남도,진주시,주점,통삼겹김치찌개,수풀림 진주경상대점,"경상남도 진주시 가좌안골길6번길 7, 1층 (가좌동)",055-756-0805,35.1533475,128.1068717
경상남도,진주시,음식점,마라탕,수해복마라탕,"경상남도 진주시 가좌길74번길 3, 1층 일부 (가좌동)",0,35.1603098,128.1062608
경상남도,진주시,음식점,마라탕,수해복진주칠암점,"경상남도 진주시 동진로38번길 15 (칠암동,번지(1층))",0,35.1784912,128.0962234
경상남도,진주시,음식점,"직화 항정 덮밥, 직화 불 삼곂 덮밥",순수덮밥 가호점,"경상남도 진주시 가좌길36번길 8-2, 1층 일부 (가좌동)",0,35.1570078,128.1054008
경상남도,진주시,음식점,"김치찌개, 동태탕",순이네,"경상남도 진주시 진주대로954번길 11-1, 1층 101호 (칠암동, 순화스타씨티)",0,35.1856042,128.0887821
경상남도,진주시,주점,"꽃게탕, 어묵탕",술이야안주야,"경상남도 진주시 동진로38번길 10, 1층 일부 (칠암동)",055-772-0932,35.1781152,128.0956364
경상남도,진주시,음식점,모듬초밥,스시수,"경상남도 진주시 진주대로920번길 13 (칠암동, 시티하우스 1층 101호 일부)",0,35.1828667,128.0907448
경상남도,진주시,음식점,"모듬롤, 냉소바",스시캘리포니아 엠비씨네점,"경상남도 진주시 가호로 13, MBC경남진주 1층일부 (가좌동)",0,35.1637525,128.1073414
경상남도,진주시,음식점,회전초밥,스시하루,"경상남도 진주시 가좌안골길10번길 13 (가좌동,번지 102호(1층일부))",0,35.1526619,128.1068169
경상남도,진주시,인터넷카페,,스타덤PC방진주과기대점,"경상남도 진주시 동진로 29, 씨티펄 2층 206호 일부 (칠암동)",0,35.1792391,128.0942798
경상남도,진주시,인터넷카페,,스타디움피씨카페(스타디움PC cafe),"경상남도 진주시 진주대로 506, 경상프라자 2층 201호 일부 (가좌동)",0,35.1520265,128.105429
경상남도,진주시,카페,아메리카노,스타벅스 경상대칠암캠퍼스점,"경상남도 진주시 동진로 22, 아주스타타워 1층 102호, 2층 203호 (칠암동)",0,35.1785237,128.0936242
경상남도,진주시,카페,아메리카노,스타벅스진주경상대점,"경상남도 진주시 진주대로 510 (가좌동, 104호,105호,2층 202호)",0,35.1524141,128.1056334
경상남도,진주시,주점,"황도, 나초, 육포",스테이지우산,"경상남도 진주시 강남로95번길 24 (칠암동, 지하1층)",0,35.1780364,128.0954611
경상남도,진주시,음식점,오늘의 샐러드,스톡홀름샐러드,"경상남도 진주시 진주대로 536, 1층일부 (가좌동)",0,35.1542086,128.107019
경상남도,진주시,카페,아메리카노,스튜디오꽃당,"경상남도 진주시 진주대로987번길 19, 1층일부 (강남동)",0,35.1871951,128.0847882
경상남도,진주시,음식점,,시골집,"경상남도 진주시 강남로167번길 2 (칠암동, 가동 1층일부)",0,35.1832484,128.095356
경상남도,진주시,음식점,"가케우동, 와카메우동",시마다,경상남도 진주시 가좌길48번길 15-1,02-465-1121,35.1584166,128.1068148
경상남도,진주시,음식점,복국,시원복집,"경상남도 진주시 망경로305번길 5-1 (강남동,1층)",0,35.1862036,128.0861032
경상남도,진주시,카페,차,시호일(是好日),"경상남도 진주시 강남로177번길 7-7, 1층 (칠암동)",055-758-1498,35.1835233,128.0949151
경상남도,진주시,음식점,"든든 국밥, 완뚝 샤브",신완뚝위드샤브,"경상남도 진주시 가좌길36번길 3, 1층일부 (가좌동)",0,35.1572517,128.1051752
경상남도,진주시,음식점,"신전떡볶이, 모둠튀김",신전떡볶이과기대점,"경상남도 진주시 동진로34번길 4 (칠암동,1층일부)",0,35.1786519,128.0947627
경상남도,진주시,음식점,"신전떡볶이, 모둠튀김",신전떡볶이진주1호점,"경상남도 진주시 가좌길78번길 1 (가좌동, 1층일부)",0,35.1609227,128.1062971
경상남도,진주시,음식점,"달고마떡볶이, 김치참치김밥, 신참모둠튀김",신참떡볶이,"경상남도 진주시 가좌길 36 (가좌동,1층)",0,35.1572574,128.1050356
경상남도,진주시,음식점,구슬 아이스크림,싱싱푸르츠진주점,"경상남도 진주시 가좌길 65, 1층일부 (가좌동)",0,35.1598213,128.1056395
경상남도,진주시,음식점,김치찌개,쌈싸먹는김치찌개강남식당,"경상남도 진주시 진주대로915번길 12 (강남동, 가동 1층일부)",0,35.1817979,128.0882478
경상남도,진주시,음식점,샌드위치,써브웨이 진주경상대 칠암캠퍼스점,"경상남도 진주시 동진로 30, 1층 (칠암동)",055-747-1950,35.1787124,128.094377
경상남도,진주시,음식점,샌드위치,써브웨이진주경상대점,"경상남도 진주시 진주대로 548 (가좌동, 1층일부 )",0,35.1555077,128.1076505
경상남도,진주시,주점,"하이볼, 칵테일",썰스티(Thirsty),"경상남도 진주시 진주대로516번길 6-1, 가자상가 1층 104호 (가좌동)",0,35.1522526,128.1060896
경상남도,진주시,편의점,,씨유 신진주프리미어웰가점(CU 신진주프리미어웰가점),"경상남도 진주시 개양로 67, 115동 101호 (가좌동, 프리미어 웰가)",0,35.155932,128.1131185
경상남도,진주시,편의점,,씨유 진주칠암원룸점,"경상남도 진주시 진주대로930번길 10-1, 1층일부 (칠암동)",0,35.1833841,128.0900498
경상남도,진주시,편의점,,씨유(CU) 진주경상대점,"경상남도 진주시 진주대로516번길 6-3, 1층일부 (가좌동)",0,35.1522752,128.1058739
경상남도,진주시,편의점,,씨유가좌주공점,"경상남도 진주시 내동로348번길 10, 분산상가동 101호 (가좌동, 가좌그린빌주공아파트)",0,35.1486394,128.1013471
경상남도,진주시,편의점,,씨유경대후문점,"경상남도 진주시 가좌길 18 (가좌동,번지(1층일부))",0,35.1563302,128.105877
경상남도,진주시,편의점,,씨유신진주줌시티점,"경상남도 진주시 개양로 114, 신진주역세권 줌시티 주1동 1층 113호 (가좌동)",0,35.1542571,128.11864
경상남도,진주시,편의점,,씨유신진주줌테라스점,"경상남도 진주시 개양로 112, 신진주역세권 줌테라스 122호,123호 (가좌동)",055-745-2486,35.1544844,128.1182572
경상남도,진주시,편의점,,씨유의대칠암점,"경상남도 진주시 동진로20번길 31, 1층 일부 (칠암동)",0,35.1781313,128.0950822
경상남도,진주시,편의점,,씨유진주가좌원룸점,"경상남도 진주시 개양로6번길 8, 1층일부 (가좌동)",0,35.1554341,128.1083662
경상남도,진주시,편의점,,씨유진주강남로점,"경상남도 진주시 강남로 167, 1층 일부 (칠암동)",0,35.1831156,128.0956279
경상남도,진주시,편의점,,씨유진주더퍼스트웰가점,"경상남도 진주시 진주역로 116, 더퍼스트웰가시티 1층 101,102호 (가좌동)",0,35.1519735,128.1164201
경상남도,진주시,편의점,,씨유진주센트럴웰가점,"경상남도 진주시 진주역로73번길 33, 상가동 1층 111호 (가좌동, 센트럴웰가)",0,35.1539303,128.1117931
경상남도,진주시,편의점,,씨유진주아주스타점,"경상남도 진주시 동진로 22, 109호 일부 1층 (칠암동)",055-762-0224,35.1785241,128.0936231
경상남도,진주시,편의점,,씨유진주칠암플러스점,"경상남도 진주시 강남로177번길 29 (칠암동, 1층 일부)",051-463-4071,35.1830029,128.0920798
경상남도,진주시,편의점,,씨유진주칠암현대점,"경상남도 진주시 진주대로986번길 13, 1층일부 (칠암동)",0,35.1875613,128.0882758
경상남도,진주시,편의점,,씨유진주한화포레나점,"경상남도 진주시 진주역로96번길 15, 109동 208호 (가좌동, 포레나 신진주)",0,35.1507702,128.115005
경상남도,진주시,음식점,버블티,아마스빈,"경상남도 진주시 진주대로 544, 두산스카이빌 101호 (가좌동)",055-757-5959,35.1550734,128.107466
경상남도,진주시,카페,아메리카노,아몽즈커피 진주칠암점,"경상남도 진주시 진주대로908번길 11, 1층일부 가제B동 (칠암동)",0,35.1817726,128.0908064
경상남도,진주시,음식점,"크럼블, 브라우니",아무튼디저트,"경상남도 진주시 개양로 112, 신진주역세권 줌테라스 1층 109호 (가좌동)",055-763-3842,35.1544839,128.1182588
경상남도,진주시,음식점,"푸어탕, 두루치기, 갈치조림, 쭈꾸미볶음",아미식당,"경상남도 진주시 강남로95번길 12 (칠암동,번지(1층))",0,35.1774171,128.0963683
경상남도,진주시,카페,잠봉뵈르,아버브런치앤커피(ARBOUR Brunch & Coffee),"경상남도 진주시 진주역로 114, 상가4동 109호 (가좌동, 시티프라디움)",0,35.1512155,128.115895
경상남도,진주시,주점,"라이풍 깐풍기, 로제크림짬뽕, 어묵조개탕",아스라이 경상대점,"경상남도 진주시 진주대로 526, 센텀빌딩 3층 일부301호 (가좌동)",0,35.1535249,128.1065535
경상남도,진주시,주점,만두전골,아싸요우 진주경상대점,"경상남도 진주시 가좌안골길10번길 14 (가좌동, 1층일부)",0,35.1528987,128.1065473
경상남도,진주시,음식점,순살후라이드,아웃닭경상대점,"경상남도 진주시 가좌안골길10번길 3 (가좌동, 1층)",055-742-9455,35.1534891,128.107322
경상남도,진주시,카페,아메리카노,아타토커피,"경상남도 진주시 강남로227번길 17, 1층 (칠암동)",0,35.1868409,128.0902564
경상남도,진주시,카페,아메리카노,안녕 그루담,"경상남도 진주시 진주대로960번길 18, 1층일부 (칠암동)",0,35.1861135,128.089545
경상남도,진주시,음식점,안동찜닭,안동선계찜닭 경상대점,"경상남도 진주시 가좌길 54-1 (가좌동, 1층일부)",0,35.1588427,128.1056069
경상남도,진주시,음식점,모듬스시,알로하스시어나더(ALOHA SUSHI ANOTHER),"경상남도 진주시 동진로20번길 9, 1층 일부 (칠암동)",0,35.1781035,128.093664
경상남도,진주시,음식점,,알차네식당,"경상남도 진주시 진주대로 901 (강남동,번지 동성가든지하1층(152호))",0,35.1809137,128.0893274
경상남도,진주시,음식점,"혼자서, 둘이서, 알통삼총사",알통떡강정,"경상남도 진주시 가좌길84번길 4, 1층 일부 (가좌동)",055-758-8208,35.1610443,128.1065195
경상남도,진주시,음식점,"야채오리, 오리탕",야채오리,"경상남도 진주시 진주대로908번길 7 (칠암동,(A동1층))",055-753-8858,35.1817041,128.0905971
경상남도,진주시,주점,양반모듬전세트,양반의체면,"경상남도 진주시 동진로20번길 27-3, 2층 (칠암동)",055-755-4841,35.1781783,128.0947301
경상남도,진주시,음식점,"쟁반짜장, 탕수육",양자강,"경상남도 진주시 진주대로908번길 5-2 (칠암동,1층)",055-755-2507,35.1818148,128.0905434
경상남도,진주시,음식점,"해물칼국수, 닭볶음탕, 두부수육김치",양철집,"경상남도 진주시 가좌길74번길 5 (가좌동,2층)",0,35.1601876,128.1063619
경상남도,진주시,음식점,"라지세트, 미디엄세트 (치킨)",어니언스치킨,"경상남도 진주시 가좌안골길10번길 5 (가좌동,(1층))",055-758-5224,35.1533582,128.1072267
경상남도,진주시,음식점,"고등어구이, 동태매운탕",어머니와고등어,"경상남도 진주시 동진로50번길 12-1 (칠암동,1층)",055-752-0953,35.1780239,128.0966161
경상남도,진주시,음식점,복국,어복정,"경상남도 진주시 진주대로903번길 12-1, 1층 일부 (강남동)",055-753-7262,35.1815595,128.0891113
경상남도,진주시,음식점,"닭곰탕, 닭칼국수",언양닭칼국수,"경상남도 진주시 진주대로 620-3, 1층 (가좌동)",055-752-7070,35.1619375,128.1069546
경상남도,진주시,음식점,물국수,엄마국수,"경상남도 진주시 강남로227번길 11 (칠암동, 1층일부)",055-757-0313,35.1870344,128.090882
경상남도,진주시,음식점,"물국수, 비빔국수",엄마네식당,"경상남도 진주시 진주대로915번길 12 (강남동,나동 (1층))",055-759-7727,35.181798,128.0882482
경상남도,진주시,음식점,연포탕,엄마손식당,"경상남도 진주시 진주대로903번길 12 (강남동, 외 3필지 1층)",055-753-8858,35.1815196,128.0892525
경상남도,진주시,음식점,"수제비, 잔치국수",엄마손팥칼국수,"경상남도 진주시 가호로 4 (가좌동,번지(1층 일부))",055-762-8421,35.1627759,128.1068063
경상남도,진주시,음식점,롤롤페파로니,업텐브로진주경상대점,"경상남도 진주시 가좌길29번길 16, 1층일부 (가좌동)",055-758-2125,35.1568166,128.1034391
경상남도,진주시,음식점,미스터 에그 샌드위치,에그드랍진주경상대점,"경상남도 진주시 진주대로 536, 부흥빌딩 1층 일부 (가좌동)",055-752-0265,35.1542089,128.1070171
경상남도,진주시,음식점,미스터 에그 샌드위치,에그드랍진주칠암점,"경상남도 진주시 동진로 17, 1층 일부 (칠암동)",055-759-3984,35.1790146,128.0929958
경상남도,진주시,음식점,"어묵, 호떡",에나주스,"경상남도 진주시 가좌길29번길 3, 1층 일부 (가좌동)",055-752-3635,35.156363,128.1047459
경상남도,진주시,음식점,"에바돈 슈퍼세트, 생등심돈",에바돈카츠경상대점,"경상남도 진주시 가좌길 23, 1층일부 (가좌동)",055-755-8784,35.1562734,128.1051274
경상남도,진주시,카페,아메리카노,엠스에스프레소커피(M's Espresso coffee),"경상남도 진주시 진주대로920번길 13, 1층 (칠암동)",055-752-1030,35.1828662,128.0907436
경상남도,진주시,음식점,"생갈비, 생삼겹살, 대패삼겹살",역전소여사황제대패,"경상남도 진주시 관문로 7, 율곡스퀘어 프런티어 116호, 117호 (가좌동)",055-752-3584,35.1522036,128.1168146
경상남도,진주시,주점,"할맥, 치즈라볶이",역전할머니맥주 진주역점,"경상남도 진주시 개양로 100, 상가106동 1층 106호 (가좌동, 스카이 시티프라디움)",055-753-9996,35.1543907,128.1166478
경상남도,진주시,주점,"할맥, 치즈라볶이",역전할머니맥주경상대점,"경상남도 진주시 진주대로 530, 대영폴리비안빌딩 101호 (가좌동)",055-758-4823,35.1538847,128.1068089
경상남도,진주시,주점,"할맥, 치즈라볶이",역전할머니맥주과기대점,"경상남도 진주시 동진로20번길 27 (칠암동, 1층)",055-755-6907,35.1781137,128.0948575
경상남도,진주시,음식점,"소고기석쇠정식, 돼지석쇠정식",연놀부석쇠불고기정식,"경상남도 진주시 가좌길48번길 16 (가좌동,1층)",055-757-2042,35.1580587,128.1067698
경상남도,진주시,주점,"생연어 사시미, 생연어 샐러드",연어가게,"경상남도 진주시 진주대로908번길 19 (칠암동, 1층일부)",055-762-7703,35.1821544,128.0919051
경상남도,진주시,음식점,팥칼국수,연우담,"경상남도 진주시 강남로201번길 3 (칠암동, 1층)",055-755-7262,35.1856874,128.0933917
경상남도,진주시,음식점,"들깨칼국수, 들깨옹심이",연이네촌국수,"경상남도 진주시 망경로296번길 11 (강남동, 1층일부)",055-763-2359,35.1845859,128.0859918
경상남도,진주시,음식점,돼지두루치기,연주네밥상,"경상남도 진주시 진주대로866번길 7 (칠암동, 1층일부)",055-752-5287,35.1779729,128.092313
경상남도,진주시,주점,"모둠 사시미, 육사시미, 닭 가라아게",연회집,경상남도 진주시 동진로38번길 11-1 1층 연회집,055-752-1630,35.1784301,128.0952019
경상남도,진주시,음식점,"된장찌개, 김치찌개",염천교식당,"경상남도 진주시 가좌길64번길 12 (가좌동, 1층)",055-753-2000,35.1785093,128.0957603
경상남도,진주시,음식점,"생구이, 오리탕",영빈가든진주 본점,경상남도 진주시 강남로 233 (칠암동),055-757-2888,35.187769,128.0909663
경상남도,진주시,음식점,아구찜,영은식당,"경상남도 진주시 진주대로 901 (강남동,동성가든타워상가 B139,140  지하1층)",055-757-2272,35.1809128,128.0893269
경상남도,진주시,음식점,로스트 그릴드 윙,오꾸닭산업대점,"경상남도 진주시 동진로34번길 8-1 (칠암동,(1층))",055-758-8516,35.1782647,128.0950154
경상남도,진주시,음식점,삼겹살,오늘김해뒷고기경상대점,"경상남도 진주시 진주대로500번길 6, 1층 일부 (가좌동)",055-753-6127,35.1513668,128.1049089
경상남도,진주시,음식점,"오늘도 모듬회, 킹크랩 랍스타",오늘도대게횟집,"경상남도 진주시 망경로298번길 12 (강남동,1층)",055-757-9333,35.1848745,128.0863965
경상남도,진주시,음식점,"바지락칼국수, 곱도리탕",오늘의 양푼집,"경상남도 진주시 가좌길 58 (가좌동,1층)",055-756-3586,35.1591112,128.1056967
경상남도,진주시,음식점,레터링케이크,오늘의케이크,"경상남도 진주시 가좌길 23, 1층일부 (가좌동)",055-756-0945,35.1562727,128.1051286
경상남도,진주시,음식점,"닭목살, 닭갈비",오다가다,"경상남도 진주시 가좌안골길10번길 13 (가좌동,번지101호(1층일부))",055-753-8742,35.1526621,128.1068159
경상남도,진주시,음식점,"닭꼬치, 닭껍질",오닭꼬치 신진주역점,"경상남도 진주시 관문로 7, 율곡스퀘어 프런티어 1층 139호 (가좌동)",055-763-1552,35.1522041,128.116815
경상남도,진주시,음식점,"오디티버터쿠키, 크림브륄레",오디티(Ordinary DownTown),"경상남도 진주시 가좌길64번길 3-1 (가좌동,번지(1층일부))",055-761-0750,35.1595648,128.1061663
경상남도,진주시,음식점,"물국수, 비빔국수",오복이네,"경상남도 진주시 진주대로920번길 9, 1층 (칠암동)",055-763-4800,35.1827095,128.0902597
경상남도,진주시,음식점,"설악산 도시락, 지리산도시락",오봉도시락과기대점,"경상남도 진주시 동진로 40 (칠암동, 1층일부)",055-753-6489,35.1787877,128.0955042
경상남도,진주시,음식점,"모듬회, 매운탕",오사장횟집,"경상남도 진주시 진주대로960번길 7-2 (칠암동,1층)",055-761-7588,35.1859124,128.0884526
경상남도,진주시,음식점,"사시미코스, 모듬초밥",오오토리스시,"경상남도 진주시 관문로 7, 132호 (가좌동)",055-761-7671,35.1522027,128.1168159
경상남도,진주시,음식점,레터링케이크,오유케이크,"경상남도 진주시 진주대로920번길 5-6, 1층 일부 (칠암동)",055-752-8966,35.1829235,128.0899796
경상남도,진주시,주점,"모츠나베, 미즈타키",오코스 진주칠암본점,"경상남도 진주시 동진로50번길 8 (칠암동,번지(1층))",055-758-2582,35.1783893,128.0965252
경상남도,진주시,음식점,레터링케이크,오해피데이,"경상남도 진주시 망경로 300, 1층 일부 (강남동)",0,35.1854296,128.0860161
경상남도,진주시,카페,"허브차, 아메리카노",오후의홍차,"경상남도 진주시 진주대로930번길 28 (칠암동, 1층)",055-763-0098,35.1839256,128.0916277
경상남도,진주시,음식점,"떡국, 옥돌우동",옥돌우동,"경상남도 진주시 진주대로 943-1 (강남동, 1층)",055-762-9696,35.1843613,128.0881977
경상남도,진주시,음식점,두루치기,옥천식당,경상남도 진주시 동진로34번길 11 (칠암동),055-753-4409,35.1782317,128.0953045
경상남도,진주시,카페,아메리카노,온어스경상대학교점,"경상남도 진주시 진주대로 501, 경상국립대학교 가좌캠퍼스 박물관동 1층 (가좌동)",055-762-7009,35.1519536,128.0979662
경상남도,진주시,음식점,"감바스, 퀘사디아",올라,경상남도 진주시 강남로227번길 13-1 (칠암동),055-752-6060,35.186929,128.0908266
경상남도,진주시,음식점,애플시나몬,와플대학진주경상대캠퍼스,"경상남도 진주시 가좌길29번길 16 (가좌동, 1층일부)",055-763-2233,35.1568159,128.1034393
경상남도,진주시,음식점,돼지바크런치,와플칸과기대점,"경상남도 진주시 동진로 40, 1층 (칠암동)",055-756-6331,35.1787877,128.0955033
경상남도,진주시,음식점,"순두부찌개, 물국수",왕우동,"경상남도 진주시 진주대로866번길 12 (칠암동,1층)",055-755-1904,35.1777533,128.0928014
경상남도,진주시,카페,아메리카노,요거프레소진주강남점,"경상남도 진주시 진주대로 957 (강남동, 외4필지 1층일부)",0,35.1853814,128.0875006
경상남도,진주시,음식점,"요맘꼬마김밥, 어묵꼬마김밥",요맘꼬마김밥 진주역점,"경상남도 진주시 관문로 7, 율곡스퀘어 프런티어 1층 123호 (가좌동)",055-755-8787,35.1522038,128.1168151
경상남도,진주시,음식점,빠네크림스파게티,욜로,"경상남도 진주시 가좌안골길10번길 12 (가좌동,번지(2층))",0,35.1530298,128.1066433
경상남도,진주시,음식점,"김치짜글이, 돌솥김치알밥",용우동,"경상남도 진주시 가호로 13 (가좌동, 1층일부)",0,35.1637524,128.1073401
경상남도,진주시,음식점,"김치짜글이, 돌솥김치알밥",용우동진주산업대점,"경상남도 진주시 동진로 17 (칠암동, ,457-4 (1,2층))",055-757-3637,35.1790143,128.0929973
경상남도,진주시,음식점,"물민면, 비빔면",용팔이밀면,"경상남도 진주시 개양로119번길 5-1, 1층일부 (가좌동)",055-763-0356,35.1544892,128.1197991
경상남도,진주시,음식점,"쿠키, 휘낭시에",우두두,"경상남도 진주시 진주대로908번길 21, 1층일부 (칠암동)",055-758-0114,35.1821965,128.092031
경상남도,진주시,음식점,"돼지국밥, 갈비찜",우리돼지나라,"경상남도 진주시 진주대로920번길 16 (칠암동,번지(1층))",055-762-2389,35.1826492,128.0910339
경상남도,진주시,음식점,"생김치백반, 비빔밥",우리식당,"경상남도 진주시 망경로296번길 5 (강남동,1층)",055-753-9605,35.185064,128.0857447
경상남도,진주시,음식점,"부대찌개, 김치찌개",우리엄마식당,"경상남도 진주시 가좌길 40 (가좌동,1층)",0,35.1574118,128.1050836
경상남도,진주시,주점,"칵테일, 위스키, 와인",우심방,경상남도 진주시 강남로151번길 3 1층,055-759-9133,35.1816635,128.0961234
경상남도,진주시,음식점,"소불고기 전골, 소불고기 정식",우이동불고기,"경상남도 진주시 강남로95번길 11 (칠암동,1층)",0,35.177229,128.0964154
경상남도,진주시,카페,아메리카노,우주라이크커피 진주칠암점,"경상남도 진주시 진주대로908번길 4, 1층일부 (칠암동)",055-752-7934,35.1813332,128.0902574
경상남도,진주시,음식점,모듬부대찌개,울엄마부대찌개,"경상남도 진주시 진주대로568번길 14, 상가동 1층 101호 (가좌동, 가좌3차주공아파트)",055-757-4555,35.1568907,128.1097304
경상남도,진주시,음식점,"소금구이, 양념구이",원정숯불닭바베큐,"경상남도 진주시 망경로296번길 5-1, 1층 일부 (강남동)",055-763-5992,35.1849603,128.0858194
경상남도,진주시,음식점,"육즙목살, 쫀득살",원조부안집 진주역점,"경상남도 진주시 개양로 100, 상가101동 101호 (가좌동, 스카이 시티프라디움)",055-755-2356,35.1543916,128.1166479
경상남도,진주시,주점,"월하주 전골, 용암 마라전골",월하주,"경상남도 진주시 가좌안골길10번길 10, 2층  (가좌동)",055-761-7748,35.1531569,128.1067353
경상남도,진주시,카페,아메리카노,웰가커피,"경상남도 진주시 개양로 67, 115동 1층 108호 (가좌동, 프리미어 웰가)",055-761-1259,35.1559319,128.113117
경상남도,진주시,카페,아메리카노,유커피(U Coffee),"경상남도 진주시 진주대로891번길 59, 1층 (강남동)",055-742-5582,35.1836143,128.0873545
경상남도,진주시,음식점,"곰탕, 수육",육거리곰탕,"경상남도 진주시 망경로 303 (1층),망경로305번길1(1층) (강남동)",055-745-1077,35.1857954,128.0862688
경상남도,진주시,음식점,향어회,육거리회향어,"경상남도 진주시 망경로 300-1, 1층 (강남동)",0,35.1853321,128.0859941
경상남도,진주시,음식점,"시래기 추어탕, 서울식 모듬국밥",육수당 진주점,"경상남도 진주시 가좌안골길10번길 10, 1층 일부 (가좌동)",0,35.1531569,128.1067337
경상남도,진주시,음식점,들게장 정식,은성게장플러스,"경상남도 진주시 진주대로920번길 11-1 (칠암동,1층)",055-742-7182,35.1827058,128.0904241
경상남도,진주시,음식점,"짜장면, 짬뽕, 볶음밥",은지네반점,"경상남도 진주시 진주대로 936 (칠암동, 1층일부)",0,35.1837119,128.0890141
경상남도,진주시,음식점,"돼지국밥, 순대국밥",의령돼지국밥,"경상남도 진주시 강남로95번길 7 (칠암동, 1층)",0,35.1771791,128.09666
경상남도,진주시,카페,아메리카노,이너웨이브,"경상남도 진주시 진주대로920번길 22, 1층일부 (칠암동)",0,35.1828496,128.0917006
경상남도,진주시,음식점,감자탕,이대감자탕,"경상남도 진주시 동진로38번길 7 (칠암동,1층)",0,35.1783809,128.0956473
경상남도,진주시,카페,아메리카노,이디야 신진주역점,"경상남도 진주시 관문로 4, 율곡스퀘어프런티어 1층 104호 105호 (가좌동)",055-761-7262,35.152224,128.1177975
경상남도,진주시,카페,아메리카노,이디야진주개양오거리점,"경상남도 진주시 가좌길74번길 1 (가좌동, 1층)",0,35.1604468,128.1062153
경상남도,진주시,카페,아메리카노,이디야커피강남점,"경상남도 진주시 진주대로929번길 15, 1층 (강남동)",055-752-4688,35.1819131,128.0887084
경상남도,진주시,카페,아메리카노,이디야커피경남과기대점,"경상남도 진주시 강남로167번길 10 (칠암동, 1층)",055-755-9227,35.1830677,128.0947079
경상남도,진주시,편의점,,이마트24 R경상대센터점,"경상남도 진주시 진주대로 536, 1층 일부 (가좌동)",055-746-4923,35.154208,128.1070184
경상남도,진주시,편의점,,이마트24R진주과기대점,"경상남도 진주시 강남로167번길 14 (칠암동, 삼성타운)",055-755-9227,35.1829565,128.0943211
경상남도,진주시,음식점,"햄스페셜 토스트, 햄치즈 토스트",이삭토스트과기대점,"경상남도 진주시 동진로 28 (칠암동,1층 105호)",055-754-4841,35.1786693,128.0941548
경상남도,진주시,음식점,"짜장면, 짬뽕",이서방짬뽕,"경상남도 진주시 내동로348번길 7 (가좌동, 1층일부)",055-753-8290,35.1499509,128.1024236
경상남도,진주시,음식점,울엄마 왕돈까스,울엄마왕돈까스,"경상남도 진주시 가좌길 21, 1층 일부 (가좌동)",055-763-8868,35.1562142,128.1052915
경상남도,진주시,음식점,"한우생고기, 생삼겹살",이정식당,"경상남도 진주시 진주대로908번길 11 (칠암동,가제 A호)",055-756-5886,35.1817715,128.090807
경상남도,진주시,음식점,추어탕,이추네,"경상남도 진주시 진주대로966번길 14-1 (칠암동, 1층)",055-762-2342,35.186374,128.0889825
경상남도,진주시,주점,살얼음 생맥주,인쌩맥주 진주역점,"경상남도 진주시 개양로 100, 상가107동 1층 115호 (가좌동, 스카이 시티프라디움)",0,35.154391,128.1166488
경상남도,진주시,인터넷카페,,인터피아피시방(인터피아PC방),"경상남도 진주시 가좌길 32-1, 2층 일부 (가좌동)",0,35.1569271,128.1049404
경상남도,진주시,음식점,회,일미횟집,경상남도 진주시 강남로 145 (칠암동),0,35.1813085,128.0964811
경상남도,진주시,음식점,"아부라소바, 마제소바",일본라멘전문점 류헤이,"경상남도 진주시 가좌길 28, 1층일부 (가좌동)",0,35.1567025,128.1048632
경상남도,진주시,주점,"묵은지참치김밥, 일품세트",일일수작 진주경상대점,"경상남도 진주시 진주대로 518, Y ZONE 빌딩 106호 (가좌동)",0,35.1529528,128.1061427
경상남도,진주시,음식점,"페파로니피자, 포테이토 골드",임실치즈피자가호점,"경상남도 진주시 진주대로568번길 10-1, 1층 (가좌동)",055-753-3075,35.1571777,128.1086931
경상남도,진주시,음식점,양념반반치킨,자담치킨앤호프가호점,"경상남도 진주시 가좌길74번길 8, 혜람빌딩 1층 101호 (가좌동)",055-762-1103,35.1597888,128.1062183
경상남도,진주시,카페,아메리카노,자연담은이야기,"경상남도 진주시 강남로201번길 12 (칠암동,번지(1층))",055-755-1464,35.1856067,128.0924325
경상남도,진주시,음식점,,장모님치킨,"경상남도 진주시 진주대로960번길 12, 1층일부 (칠암동)",055-761-3557,35.185911,128.0890308
경상남도,진주시,음식점,떡볶이,장미꽃 떡볶이앤라면,"경상남도 진주시 가좌길 42 (가좌동,1층일부)",055-763-6900,35.1577707,128.105211
경상남도,진주시,주점,곱도리탕,장미맨숀진주경상대점,"경상남도 진주시 가좌안골길10번길 13 (가좌동,번지104호(1층일부))",055-759-2537,35.1526619,128.1068189
경상남도,진주시,음식점,"뼈해장국, 뼈칼국수",장산방,"경상남도 진주시 진주대로 620-4 (가좌동,번지(1층))",055-763-4604,35.1617238,128.1070709
경상남도,진주시,음식점,"버섯전골, 제육쌈밥",장원쌈밥,"경상남도 진주시 망경로305번길 5 (강남동,지상 1)",055-758-2240,35.1861106,128.0861204
경상남도,진주시,음식점,"저스트텐동, 에비텐동",저스트텐동 진주점(Just tendong 진주점),"경상남도 진주시 동진로34번길 6-14, 1층 (칠암동)",055-742-6161,35.1784662,128.0942159
경상남도,진주시,음식점,"전복해장국, 전복해물전",전복해장국,"경상남도 진주시 개양로6번길 30 (가좌동,번지(1층))",055-743-3007,35.1543973,128.1091868
경상남도,진주시,음식점,쌈 김치찌개,정촌쌈김치찌개 2호점,"경상남도 진주시 개양로119번길 8-6, 1층 일부 (가좌동)",055-755-8082,35.1537559,128.1202
경상남도,진주시,주점,"골뱅이 무침, 새우튀김",제로(ZERO),"경상남도 진주시 동진로38번길 7, 2층 (칠암동)",055-761-6828,35.1783819,128.0956464
경상남도,진주시,카페,아메리카노,제이제이카파로스터스예술회관점,"경상남도 진주시 강남로 215, 경상남도문화예술회관 1층 일부 (칠암동)",055-763-2399,35.186737,128.0920657
경상남도,진주시,음식점,한우모듬,제주목장원,"경상남도 진주시 동진로34번길 3 (칠암동, 1층)",0,35.1786754,128.0950439
경상남도,진주시,음식점,"흑돼지 본생갈비, 흑돼지 본삼겹",제주옥탑 진주역점,"경상남도 진주시 진주역로 116, 더퍼스트웰가시티 109,110호 (가좌동)",0,35.1519724,128.11642
경상남도,진주시,음식점,"비빔밥, 비빔국수",조문정국수집,"경상남도 진주시 진주대로960번길 11, 1층일부 (칠암동)",0,35.18608,128.0889566
경상남도,진주시,음식점,"돼지국밥, 순대국밥, 돼지수육",조선돼지국밥,"경상남도 진주시 진주대로960번길 11 (칠암동,번지(1층 일부))",0,35.1860802,128.0889563
경상남도,진주시,음식점,"후라이드, 오리지널 반/반",조커닭(본점),"경상남도 진주시 가좌안골길10번길 9 (가좌동,번지(1층일부))",055-761-7145,35.1529255,128.1070071
경상남도,진주시,음식점,한우왕족발,족발깡패,"경상남도 진주시 동진로20번길 31 (칠암동,2층)",0,35.1781309,128.0950826
경상남도,진주시,음식점,"화덕통구이족발, 화덕족발",족발신선생가좌점,"경상남도 진주시 가좌안골길14번길 15 (가좌동,번지(1층))",0,35.1524586,128.107049
경상남도,진주시,음식점,존돼지&갈비,존가네(진주점),"경상남도 진주시 강남로95번길 8-6 (칠암동,번지(1층일부))",0,35.1776884,128.0966338
경상남도,진주시,음식점,후라이드 치킨,종국이두마리치킨,"경상남도 진주시 가좌길 58 (가좌동, 2층)",0,35.1591113,128.1057
경상남도,진주시,음식점,"주가네 돼지볶음, 생삼겹살",주가네흑돈,"경상남도 진주시 강변길 32 (가좌동, 1층일부)",055-762-4689,35.1661099,128.1093296
경상남도,진주시,음식점,"팥죽, 호박죽, 팥칼국수",주공죽집,"경상남도 진주시 가호로 28, 임대상가동 214호 (가좌동, 진주가좌주공아파트)",0,35.1621272,128.1097704
경상남도,진주시,주점,감자전,주구장창,"경상남도 진주시 진주대로 528 (가좌동,번지(지상1층))",055-758-8256,35.1537055,128.1066811
경상남도,진주시,주점,"오뎅탕, 부대찌개",주당,"경상남도 진주시 가좌길 34 (가좌동,2층)",055-745-9305,35.1570515,128.1049754
경상남도,진주시,음식점,오지통살버거,주식회사 오지버거경상대점,"경상남도 진주시 진주대로 506, 경상프라자 1층 101호 (가좌동)",0,35.1520262,128.1054286
경상남도,진주시,음식점,"완도전복죽, 불낙죽",죽이야기,"경상남도 진주시 진주대로 868 (칠암동,번지(1층 일부))",055-763-3133,35.1780508,128.0919517
경상남도,진주시,음식점,레터링케이크,줄라이세컨드,"경상남도 진주시 가좌길78번길 9, 1층 일부 (가좌동)",0,35.1601954,128.1066886
경상남도,진주시,음식점,"케이터링, 프리미엄 도시락",줄리의주방,"경상남도 진주시 강남로247번길 10-1, 1층 일부 (칠암동)",0,35.1874891,128.0901882
경상남도,진주시,음식점,"짜장면, 짬뽕",중국집,"경상남도 진주시 망경로296번길 13, 1층 (강남동)",0,35.1843659,128.0860466
경상남도,진주시,카페,아메리카노,중앙도서관카페(도서관카페),"경상남도 진주시 진주대로 501 (가좌동, (주7) 중앙도서관 1층일부)",0,35.1519546,128.0979656
경상남도,진주시,음식점,생과일주스,쥬씨(juicy)칠암점,"경상남도 진주시 동진로20번길 15 (칠암동, 1층일부)",0,35.177724,128.0937309
경상남도,진주시,카페,아메리카노,지니,"경상남도 진주시 진주대로 514, 프리윌 4층 403호 (가좌동)",055-757-1230,35.1526244,128.1059383
경상남도,진주시,음식점,옻닭,지리산촌옻닭,"경상남도 진주시 진주대로987번길 14 (강남동,1층일부)",055-762-3641,35.1875379,128.0852579
경상남도,진주시,편의점,,지에스(GS)25진주세무서점,"경상남도 진주시 진주대로908번길 23, 1층 일부 (칠암동)",055-752-7566,35.1822577,128.0922612
경상남도,진주시,편의점,,지에스(GS)25진주칠암점,"경상남도 진주시 동진로 29, 1층 106호일부 (칠암동)",0,35.17924,128.0942805
경상남도,진주시,편의점,,지에스25 경상대의대점,"경상남도 진주시 동진로20번길 14 (칠암동, 1층일부)",055-763-7767,35.1777377,128.0934392
경상남도,진주시,편의점,,지에스25 진주이주단지점,"경상남도 진주시 진주대로404번길 13, 1층일부 (가좌동)",0,35.1452978,128.1030337
경상남도,진주시,편의점,,지에스25 칠암중앙점,"경상남도 진주시 진주대로920번길 7 (칠암동, 1층일부)",0,35.1826584,128.0901121
경상남도,진주시,편의점,,지에스25 칠암한주점,"경상남도 진주시 강남로95번길 6, 상가동 101호 (칠암동, 칠암한주아파트)",0,35.1775612,128.0972435
경상남도,진주시,편의점,,지에스25가좌중앙점,"경상남도 진주시 진주대로 554 (가좌동, 1층일부)",0,35.1560256,128.1077315
경상남도,진주시,편의점,,지에스25기숙사후문점,"경상남도 진주시 가좌길29번길 54 (가좌동, 1층일부)",0,35.1584852,128.1004649
경상남도,진주시,편의점,,지에스25진주MBC점,"경상남도 진주시 가호로 7 (가좌동, 1층일부)",0,35.1631949,128.107048
경상남도,진주시,편의점,,지에스25진주가좌우리점,"경상남도 진주시 동부로43번길 15, 일부 103호 (가좌동, 가좌주공아파트)",0,35.1611132,128.1090446
경상남도,진주시,편의점,,지에스25진주개양점,"경상남도 진주시 가좌길74번길 12 (가좌동, 1층일부)",0,35.1595769,128.1064829
경상남도,진주시,편의점,,지에스25진주경상대정문점,"경상남도 진주시 진주대로 514, 프리윌 105호일부 (가좌동)",055-752-5937,35.1526227,128.1059394
경상남도,진주시,편의점,,지에스25진주미라주점,"경상남도 진주시 진주대로891번길 56, 상가401동 107-1호 (강남동, 진주 강남동 일동미라주)",055-762-2009,35.183514,128.0881611
경상남도,진주시,편의점,,지에스25진주천전점,"경상남도 진주시 진주대로966번길 6 (칠암동, 1층일부)",055-753-7070,35.186161,128.0883436
경상남도,진주시,편의점,,지에스25진주칠암원룸점,"경상남도 진주시 강남로189번길 28 (칠암동, 1층 일부 )",055-755-1440,35.1841266,128.0915392
경상남도,진주시,편의점,,지에스25진주하늘마을점,"경상남도 진주시 동진로49번길 9-1 (칠암동, 1층일부)",0,35.1798321,128.0962015
경상남도,진주시,음식점,삼겹살,지유꼬꼬닭,"경상남도 진주시 망경로306번길 10, 1층 일부 (강남동)",0,35.1849822,128.0867311
경상남도,진주시,음식점,"양촌주물럭, 갈치조림",지윤식당,"경상남도 진주시 망경로295번길 4 (강남동, 1층)",0,35.185758,128.0853719
경상남도,진주시,음식점,지코바 양념구이,지코바숯불양념치킨,경상남도 진주시 가좌길84번길 4 (가좌동),0,35.1610453,128.1065185
경상남도,진주시,음식점,지코바 양념구이,지코바치킨,"경상남도 진주시 망경로298번길 8, 1층일부 (강남동)",0,35.185031,128.0859849
경상남도,진주시,음식점,지코바 양념구이,지코바치킨신진주역점,"경상남도 진주시 개양로 100, 상가102동 101호 (가좌동, 스카이 시티프라디움)",055-756-6500,35.1543903,128.1166486
경상남도,진주시,음식점,"얼큰모듬국밥, 고기국밥",진가옥 경상대직영점,"경상남도 진주시 가좌길 19, 1층 (가좌동)",055-758-0620,35.1561728,128.1054304
경상남도,진주시,음식점,돼지찌개,진가네,"경상남도 진주시 가좌안골길16번길 4, 1층 (가좌동)",0,35.1532564,128.1078017
경상남도,진주시,음식점,"생갈비살, 소고기국밥",진남정 식육식당,"경상남도 진주시 진주대로516번길 6, 1층 (가좌동)",0,35.1524993,128.106258
경상남도,진주시,음식점,고추장 두루치기,진미,"경상남도 진주시 가좌길 36 (가좌동, 1층일부)",055-747-7226,35.1572571,128.1050349
경상남도,진주시,음식점 ,뷔페,진미가한식부페,경상남도 진주시 진주대로879번길 10 (강남동),055-758-7558,35.1788527,128.0899868
경상남도,진주시,음식점,"김치찌개, 된장찌개",진성식당,"경상남도 진주시 진주대로948번길 6-1 (칠암동,1층)",055-759-0934,35.1845965,128.0888816
경상남도,진주시,카페,아메리카노,진주경상대1호점빽다방,"경상남도 진주시 진주대로516번길 6-1, 가자상가 1.2층 103,201호 (가좌동)",055-791-1907,35.1522529,128.1060897
경상남도,진주시,음식점,"돼지국밥, 얼큰돼지국밥",진주국밥,"경상남도 진주시 진주대로920번길 12-6 (칠암동,번지(1층))",055-758-9223,35.1821668,128.0906094
경상남도,진주시,음식점,된장찌개,진주돌솥밥,"경상남도 진주시 진주대로908번길 17 (칠암동, 1층일부)",055-753-5204,35.1821122,128.091779
경상남도,진주시,주점,맥주,진주바틀샵,"경상남도 진주시 진주대로 910 (칠암동, 1층일부)",0,35.1815249,128.0900324
경상남도,진주시,주점,,진주실비,"경상남도 진주시 진주대로954번길 11-5, 1층일부 (칠암동)",0,35.1859216,128.0891414
경상남도,진주시,음식점,"물국수, 비빔국수, 묵국수, 칼국수",진주양푼국수전문점,"경상남도 진주시 개양로6번길 12 (가좌동,번지(1층))",0,35.1554302,128.1087997
경상남도,진주시,음식점,오마카세,진주초밥,"경상남도 진주시 강남로 183, 3층 (칠암동)",0,35.1844569,128.094641
경상남도,진주시,음식점,추어탕,진주추어탕,"경상남도 진주시 망경로296번길 7, 1층 일부 (강남동)",0,35.1848351,128.0858645
경상남도,진주시,음식점,"팥칼국수, 동지팥죽",진주팥죽칠암점,"경상남도 진주시 진주대로 928-1, 1층일부 (칠암동)",0,35.1830833,128.0892403
경상남도,진주시,음식점,1회 식사권,집밥,"경상남도 진주시 강남로167번길 22 (칠암동, 1층일부)",055-753-6826,35.1826756,128.0934731
경상남도,진주시,음식점,"짬뽕, 유산슬면",짬뽕공장,"경상남도 진주시 진주대로516번길 15 (가좌동,번지(1층))",0,35.1523954,128.1071771
경상남도,진주시,음식점,간장 쪼림닭,쪼닭 경상대점,"경상남도 진주시 개양로6번길 14 (가좌동, 1층)",0,35.1554254,128.1090882
경상남도,진주시,음식점,"숯불소금구이, 숯불양념치킨",찐이야숯불두마리치킨 칠암점,"경상남도 진주시 동진로38번길 13-1, 1층일부 (칠암동)",055-762-1577,35.1784813,128.096128
경상남도,진주시,음식점,"고기만두, 김치만두",차칸만두,"경상남도 진주시 진주대로 943, 1층 (강남동)",0,35.1843214,128.0882508
경상남도,진주시,주점,"꽃게탕, 어묵탕",착한술집,"경상남도 진주시 동진로20번길 27, 2층 (칠암동)",055-758-7443,35.1781156,128.0948587
경상남도,진주시,음식점,"짜장면, 깐풍육, 탕수육",착한쭝식진주경상대점,"경상남도 진주시 가좌길36번길 8 (가좌동,1층)",055-750-8894,35.1570171,128.1056255
경상남도,진주시,음식점,장어,"참살이숯불장어,엑기스","경상남도 진주시 강남로 295, 1층 일부 (강남동)",055-753-9399,35.1877082,128.0850114
경상남도,진주시,음식점,"한우 양념갈비, 생갈비",참숯삼가한우라예(신역점),"경상남도 진주시 개양로 120-16, 1층일부(104,105호) (가좌동)",0,35.1533395,128.1177811
경상남도,진주시,음식점,"참숯양념갈비, 참숯생갈비",참숯화로구이부산냉면,"경상남도 진주시 진주대로500번길 8-1 (가좌동,번지(1층))",0,35.1511016,128.1050348
경상남도,진주시,음식점,참치 코스 요리,참치예찬,"경상남도 진주시 진주대로856번길 13 (칠암동,번지(1층 일부))",0,35.1775976,128.093336
경상남도,진주시,음식점,"돼지국밥, 순대국밥",창평국밥,"경상남도 진주시 개양로5번길 14 (가좌동,번지 (지상1층))",0,35.1570415,128.1080637
경상남도,진주시,음식점,"스테이크 플레이트, 라자냐",처프트(CHUFFED),"경상남도 진주시 강남로201번길 9, 1층 (칠암동)",0,35.185547,128.0928569
경상남도,진주시,음식점,헌우석쇠불고기,천년의비빔밥,"경상남도 진주시 강남로 231 (칠암동,1층)",0,35.1876137,128.0913084
경상남도,진주시,음식점,"정식, 오리곰탕, 오리불고기",천마,"경상남도 진주시 진주대로404번길 3 (가좌동,1층)",0,35.1453795,128.1018782
경상남도,진주시,카페,아메리카노,천씨씨 과기대,"경상남도 진주시 동진로 29, 105호 (칠암동)",0,35.1792407,128.0942799
경상남도,진주시,카페,아메리카노,천씨씨신진주역점,"경상남도 진주시 진주역로95번길 23-2, 1층 일부 (가좌동)",055-762-3666,35.1516565,128.1117216
경상남도,진주시,주점,"막사, 두부김치",천탁,"경상남도 진주시 진주대로516번길 6-1 (가좌동,가자상가203호)",0,35.1522528,128.1060894
경상남도,진주시,음식점,"콩나물해장국, 콩나물비빔밥",청기와콩나물해장국,"경상남도 진주시 가좌길 82 (가좌동,1층일부)",055-762-8466,35.1611456,128.1064149
경상남도,진주시,음식점,"떡볶이, 순살치킨",청년다방 진주경상대점,"경상남도 진주시 가좌길 65 (가좌동,1층)",055-757-8585,35.1598204,128.1056407
경상남도,진주시,음식점,소머리국밥,청암식당,"경상남도 진주시 진주대로930번길 12-2 (칠암동,1층)",055-763-2285,35.1833034,128.0900831
경상남도,진주시,주점,오뎅탕,청월,"경상남도 진주시 동진로38번길 18, 1층 (칠암동)",055-758-3001,35.17839,128.0964101
경상남도,진주시,음식점,,청자,"경상남도 진주시 진주대로879번길 14-10 (강남동,번지외2필지(2층))",055-754-4499,35.1793425,128.0902001
경상남도,진주시,음식점,"스키야키 정식, 규카츠 정식",청춘밥상,"경상남도 진주시 개양로 120-16, 1층 일부(101호) (가좌동)",055-755-8060,35.1533383,128.1177817
경상남도,진주시,음식점,"오겹살, 막창",청춘오겹,"경상남도 진주시 망경로298번길 14-1, 1층 일부 (강남동)",055-746-5343,35.1847759,128.0866216
경상남도,진주시,음식점,햄버거,촵촵버거 신진주역점(CHOP CHOP BURGER),"경상남도 진주시 관문로 7, 율곡스케어프런티어 125호 (가좌동)",0,35.1522035,128.1168161
경상남도,진주시,음식점,"칼국수, 떡라면, 물국수",충무김밥칠암점,"경상남도 진주시 동진로20번길 9 (칠암동,번지(1층일부))",055-759-8399,35.1781025,128.0936625
경상남도,진주시,음식점,"수육, 전골",충청도식당,"경상남도 진주시 강남로 155 (칠암동,1층)",0,35.1821406,128.0961313
경상남도,진주시,음식점,뼈다귀 감자탕,칠남매감자탕,"경상남도 진주시 동진로38번길 10 (칠암동,(1층일부))",0,35.1781166,128.0956384
경상남도,진주시,주점,칠성찜닭,칠성포차칠암점,"경상남도 진주시 동진로20번길 27-1 (칠암동,1층)",0,35.1780276,128.0946187
경상남도,진주시,음식점,"곰탕, 수육, 소고기국밥",칠암곰탕,"경상남도 진주시 강남로201번길 5 (칠암동,1층)",0,35.1856518,128.0932585
경상남도,진주시,음식점,바닐라 라떼,칠암동,"경상남도 진주시 강남로201번길 1, 1,2층 (칠암동)",0,35.1857387,128.0935822
경상남도,진주시,음식점,제주 흑돼지 족발,칠암상회,"경상남도 진주시 진주대로966번길 12-1, 2층 일부 (칠암동)",0,35.1863336,128.0888458
경상남도,진주시,음식점,"장어구이, 양념구이",칠암장어곰장어구이,"경상남도 진주시 진주대로920번길 11-5, 1층 일부 (칠암동)",0,35.183009,128.0901778
경상남도,진주시,음식점,인도 코스 요리,카시강,"경상남도 진주시 강남로201번길 1 (칠암동, 3,4층)",0,35.1857401,128.0935828
경상남도,진주시,카페,아메리카노,카페051,"경상남도 진주시 진주대로 546 (가좌동, 미켈란젤로빌딩 1층 103호)",0,35.1552857,128.1075617
경상남도,진주시,카페,아메리카노,카페502(cafe502),"경상남도 진주시 강변길20번길 2 (가좌동, 1층 일부)",0,35.1657425,128.1107857
경상남도,진주시,음식점,잠봉뵈르,카페냠냠,"경상남도 진주시 가좌길78번길 1, 1층 일부 (가좌동)",0,35.1609219,128.1062949
경상남도,진주시,카페,"수제 팥빙구, 아메리카노",카페로움 ROUMM,"경상남도 진주시 진주대로568번길 5, 1층 일부 (가좌동)",0,35.157418,128.1081316
경상남도,진주시,카페,아메리카노,카페만나(KAFFE MANNAH),"경상남도 진주시 진주대로920번길 12-9, 주1동 2층 (칠암동)",0,35.1824474,128.0910381
경상남도,진주시,카페,"샌드위치, 아메리카노",카페미송,"경상남도 진주시 진주대로930번길 20, 1층 (칠암동)",0,35.1837239,128.0910095
경상남도,진주시,카페,아메리카노,카페봄봄,"경상남도 진주시 진주대로 872-10 (칠암동,번지(1층일부))",0,35.1781494,128.0924962
경상남도,진주시,카페,아메리카노,카페봄봄,"경상남도 진주시 동진로34번길 6, 1층일부 (칠암동)",0,35.1784982,128.0949504
경상남도,진주시,카페,아메리카노,카페비상,"경상남도 진주시 강남로189번길 27-3 (칠암동, 1층)",0,35.1838301,128.0919473
경상남도,진주시,카페,아메리카노,카페앤북스,"경상남도 진주시 진주대로500번길 9-1, 신영빌딩 2층전체 2층 (가좌동)",0,35.1518621,128.1058002
경상남도,진주시,카페,아메리카노,카페오다,"경상남도 진주시 가호로 5, 일부 1층 (가좌동)",0,35.1631575,128.1069043
경상남도,진주시,카페,아메리카노,카페와이와이와이(cafe YYY),"경상남도 진주시 강변길20번길 14, 1층 (가좌동)",0,35.1661395,128.1099207
경상남도,진주시,카페,아메리카노,카페율,"경상남도 진주시 진주대로930번길 13, 1층 (칠암동)",0,35.183689,128.0901756
경상남도,진주시,카페,아메리카노,카페이비뎀(Cafe Ibidem),"경상남도 진주시 가좌안골길24번길 12, 1층 (가좌동)",0,35.1524126,128.1074929
경상남도,진주시,카페,"라떼슈페너, 아메리카노",카페인더박스(CAFE IN THE BOX),"경상남도 진주시 강변길20번길 18, 1층 (가좌동)",0,35.1662681,128.1095752
경상남도,진주시,카페,아메리카노,카페진담,"경상남도 진주시 진주대로 891, 1층 일부호 (강남동)",0,35.179805,128.0903242
경상남도,진주시,카페,아메리카노,카페테리아모디(CAFETERIA MAUDIE),"경상남도 진주시 동진로 42, 1층일부 (칠암동)",0,35.1787804,128.095653
경상남도,진주시,카페,아메리카노,캘리포니아키친(California Kitchen),"경상남도 진주시 강남로167번길 26, 1층일부 (칠암동)",0,35.1825285,128.0930608
경상남도,진주시,카페,아메리카노,커피303,"경상남도 진주시 진주대로 954, 1층 일부 (칠암동)",0,35.1852965,128.0881923
경상남도,진주시,카페,아메리카노,커피대장 가호점,"경상남도 진주시 가좌길 32-4, 1층일부 (가좌동)",055-752-7300,35.1567227,128.1050392
경상남도,진주시,카페,아메리카노,커피마마스,"경상남도 진주시 진주대로891번길 5 (강남동,번지외4필지(1층일부))",0,35.1796849,128.0900417
경상남도,진주시,카페,아메리카노,커피수레,"경상남도 진주시 동진로49번길 7 (칠암동, 외 1필지 1층)",0,35.1796909,128.0962391
경상남도,진주시,카페,아메리카노,커피에반하다센텀병원점,"경상남도 진주시 진주대로941번길 8 (강남동, 진주센텀병원 1층일부)",0,35.1842188,128.0876373
경상남도,진주시,카페,아메리카노,커피콩,"경상남도 진주시 진주대로 913 (강남동, 1층)",0,35.181714,128.0894508
경상남도,진주시,카페,아메리카노,커피플라워,"경상남도 진주시 진주대로500번길 14, 1층 (가좌동)",0,35.1508793,128.1055304
경상남도,진주시,카페,아메리카노,커피향기,"경상남도 진주시 강남로227번길 8, 1층 일부 (칠암동)",0,35.1874005,128.0910046
경상남도,진주시,카페,아메리카노,커피홀 신진주역점,"경상남도 진주시 관문로 7, 율곡스퀘어 프런티어 1층 104호 (가좌동)",0,35.152203,128.1168156
경상남도,진주시,카페,아메리카노,컴포즈커피,"경상남도 진주시 가좌길 25, 1층 일부 (가좌동)",0,35.1563439,128.1049427
경상남도,진주시,카페,아메리카노,컴포즈커피 진주역점,"경상남도 진주시 관문로 7, 율곡스퀘어 프런티어 1층 129호 (가좌동)",0,35.1563425,128.1049403
경상남도,진주시,카페,아메리카노,컴포즈커피(COMPOSE COFFEE) 진주칠암점,"경상남도 진주시 동진로20번길 21-7, 1층 (칠암동)",0,35.1783055,128.094274
경상남도,진주시,카페,아메리카노,컴포즈커피(COMPOSE COFFEE)진주경상대정문점,"경상남도 진주시 진주대로 518, Y ZONE 빌딩 1층 103호 (가좌동)",0,35.1529518,128.106143
경상남도,진주시,음식점,"경주빵, 꿀빵",코레일유통(주)다인경주빵진주역사점,"경상남도 진주시 개양로116번길 33 (가좌동, 외 78필지 진주역사 1층일부)",0,35.1508996,128.117625
경상남도,진주시,음식점,"훈제오리바베큐, 훈제통삼겹바베큐",코리안덕,"경상남도 진주시 동진로50번길 10, 1층 일부 (칠암동)",0,35.178281,128.096562
경상남도,진주시,카페,아메리카노,코피치(COFFICH),"경상남도 진주시 동진로20번길 15, 1층일부 (칠암동)",055-761-4450,35.1777229,128.0937306
경상남도,진주시,음식점,"커피, 머핀",콩글리쉬머핀카페(Konglish Muffin Cafe),"경상남도 진주시 가좌길74번길 12, 1층일부 (가좌동)",0,35.1595774,128.1064838
경상남도,진주시,음식점,"한우국밥, 콩나물국밥",콩시루콩나물국밥가호점,"경상남도 진주시 진주대로542번길 5-6 (가좌동,번지(1층))",0,35.1552888,128.1079118
경상남도,진주시,주점,"사시미, 돈카츠, 가라아게",쿄다이,"경상남도 진주시 동진로20번길 9-1 (칠암동,번지(1층일부))",0,35.1783553,128.0938749
경상남도,진주시,음식점,"돈코츠라멘, 마제소바, 차슈덮밥",쿄우라멘,"경상남도 진주시 진주대로908번길 6, 외1필지 1층일부 (칠암동)",0,35.1814141,128.0905134
경상남도,진주시,인터넷카페,,크라우드PC 진주경상대점,"경상남도 진주시 진주대로 546, 미켈란젤로 빌딩, 301호일부 3층 (가좌동)",055-752-7434,35.1552854,128.1075636
경상남도,진주시,주점,칵테일,크로스비(Cross'B),"경상남도 진주시 동진로 42 (칠암동,번지(지하1층))",055-756-0920,35.1787818,128.095653
경상남도,진주시,음식점,참치 ,타마시,"경상남도 진주시 진주역로 116, 더퍼스트웰가시티 224호 (가좌동)",0,35.1519737,128.1164188
경상남도,진주시,음식점,타코야끼,타코애,"경상남도 진주시 가좌길 32-1, 1층 일부 (가좌동)",0,35.1569283,128.1049396
경상남도,진주시,음식점,마라탕,탕화쿵푸마라탕 가좌동점,"경상남도 진주시 진주대로 514 (가좌동,번지프리윌상가106호(1층일부))",0,35.1526236,128.1059387
경상남도,진주시,음식점,"돼지 생 막창, 소막창, 삼겹살",태영생막창신진주역점,"경상남도 진주시 진주역로96번길 6-26, 1층 (가좌동)",055-742-3550,35.1502311,128.1126079
경상남도,진주시,카페,아메리카노,테일,"경상남도 진주시 가좌길 63, 1층  (가좌동)",055-756-0088,35.1597078,128.1055915
경상남도,진주시,카페,아메리카노,텐퍼센트커피 진주가좌점,"경상남도 진주시 진주역로73번길 33, 상가동 1층 120호 (가좌동, 센트럴웰가)",0,35.1539312,128.1117943
경상남도,진주시,주점,,토크박스,"경상남도 진주시 진주대로 936 (칠암동,번지(1층))",0,35.1837125,128.0890144
경상남도,진주시,음식점,"우거지 감자탕, 묵은지 감자탕",통묵은지 감자탕,"경상남도 진주시 진주대로500번길 5 (가좌동,(1층일부))",0,35.1514754,128.1053467
경상남도,진주시,음식점,"돼지국밥, 섞어국밥",통큰돼지국밥,"경상남도 진주시 가좌길 71, 1층 일부 (가좌동)",0,35.1603733,128.1057356
경상남도,진주시,음식점,김밥,통통김밥,"경상남도 진주시 망경로297번길 7-1, 1층 일부 (강남동)",0,35.1861575,128.0856401
경상남도,진주시,음식점,"흑돼지대패, 삼겹살",퇘장군,"경상남도 진주시 개양로13번길 9-1, 1층일부 (가좌동)",0,35.1564328,128.1086565
경상남도,진주시,주점,김치우동,투다리 신진주역점,"경상남도 진주시 관문로 7, 율곡스퀘어 프런티어 137호 (가좌동)",0,35.1522033,128.116815
경상남도,진주시,주점,"닭똥집, 꼬치구이",투모아꼬치구이전문점(강남점),"경상남도 진주시 망경로298번길 6 (강남동,번지(1층일부))",0,35.1851074,128.0858636
경상남도,진주시,카페,아메리카노,투썸플레이스(경상대점),"경상남도 진주시 진주대로 504 (가좌동, 1층일부,2층)",0,35.151857,128.1052454
경상남도,진주시,음식점,김밥,튀김나라,"경상남도 진주시 동진로 23, 1층 일부 (칠암동)",0,35.1791157,128.0935269
경상남도,진주시,카페,"아메리카노, 휘낭시에",티디에이(TDA),"경상남도 진주시 진주대로986번길 8-1, 1층 일부 (강남동)",0,35.1875826,128.0874785
경상남도,진주시,음식점,후라이드. 간장치킨,티바두마리치킨가호점,"경상남도 진주시 가좌길84번길 18, 1층일부 (가좌동)",0,35.1599737,128.1069635
경상남도,진주시,주점,칵테일,파머스,"경상남도 진주시 가좌안골길6번길 1 (가좌동,번지(2층))",055-752-8860,35.1537408,128.1071584
경상남도,진주시,보드게임 카페,,팜스보드게임,"경상남도 진주시 진주대로 518, Y ZONE 빌딩 3층 301호 (가좌동)",055-761-8196,35.1529535,128.1061415
경상남도,진주시,주점,,팝준코,"경상남도 진주시 진주대로 522, U City 빌딩 2층 205호일부,206호 (가좌동)",055-759-3088,35.1533049,128.1063944
경상남도,진주시,카페,"크럼블, 아메리카노",퍼시먼,"경상남도 진주시 강남로255번길 3, 1층,지하1층일부 (칠암동)",055-7621-527,35.1881929,128.0892319
경상남도,진주시,스포츠 주점,,펍큐진주본점,"경상남도 진주시 진주대로516번길 6-3, 3층일부 (가좌동)",055-754-7856,35.1522773,128.1058722
경상남도,진주시,음식점,"소고기 편백찜, 이베리코 편백찜",편백담 가좌점,"경상남도 진주시 개양로6번길 12-1, 1층 (가좌동)",055-762-1388,35.1554262,128.1089433
경상남도,진주시,음식점,"오리지널까르보나라, 먹물관자리조또, 스테이크",포에틱시너리,"경상남도 진주시 진주대로 518, Y ZONE 빌딩 201호 (가좌동)",055-763-0310,35.1529528,128.106142
경상남도,진주시,음식점,"참치마요컵밥, 삼겹스팸컵밥",포차컵밥,"경상남도 진주시 가좌길29번길 1, 주1동 1층 (가좌동)",055-747-9295,35.1564305,128.104784
경상남도,진주시,음식점,"포케, 샐러드",포케타임(POKE TIME),"경상남도 진주시 관문로 7, 율곡스퀘어 프런티어 1층 133호 (가좌동)",055-755-8811,35.1522042,128.1168154
경상남도,진주시,음식점,"굴국밥, 아구수육",퐁닭 진주1호점,"경상남도 진주시 강남로95번길 10, 1층 (칠암동)",055-758-6021,35.1773558,128.0965995
경상남도,진주시,카페,아메리카노,퐁당,"경상남도 진주시 진주대로953번길 18-1, 1층 일부 (강남동)",055-759-1117,35.1846296,128.0861287
경상남도,진주시,음식점,"고추마요, 콘소메이징",푸라닭 진주가좌점,"경상남도 진주시 개양로 9 (가좌동, 1층일부)",055-758-1080,35.1559199,128.1084704
경상남도,진주시,음식점,"고추마요, 콘소메이징",푸라닭 진주칠암점,"경상남도 진주시 망경로 298, 1층일부층 (강남동)",055-762-9285,35.1853837,128.0858921
경상남도,진주시,주점,,푸른고래포차,"경상남도 진주시 가좌안골길6번길 7, 2층 (가좌동)",055-752-1512,35.1533462,128.1068731
경상남도,진주시,음식점,가마솥정식,푸짐한밥상,"경상남도 진주시 망경로297번길 11-1 (강남동,1층)",055-753-3777,35.1865013,128.0858178
경상남도,진주시,음식점,"콩국수, 밀면, 짬뽕",푸푸(PUPU),"경상남도 진주시 강남로189번길 7, 1층 (칠암동)",055-741-1001,35.1846219,128.0937309
경상남도,진주시,주점,,풍경민속주점,"경상남도 진주시 망경로306번길 9 (강남동,번지(1층))",055-757-3038,35.1850469,128.0869309
경상남도,진주시,주점,계란말이,풍년상회,"경상남도 진주시 가좌안골길14번길 3 (가좌동,번지(1층))",055-752-4066,35.1533188,128.1076687
경상남도,진주시,음식점,"김치찌개, 된장찌개",풍미식당,"경상남도 진주시 진주대로987번길 10 (강남동,1층)",055-759-0306,35.1877578,128.0857287
경상남도,진주시,음식점,"팥빙수, 토마토주스, 샌드위치",프라하,"경상남도 진주시 동진로20번길 29 (칠암동,번지(2층))",055-747-7407,35.1781159,128.0949599
경상남도,진주시,카페,아메리카노,프레커피,"경상남도 진주시 진주대로966번길 20-8, 1층  (칠암동)",055-7539-295,35.1863472,128.0894333
경상남도,진주시,인터넷카페,,피씨락,"경상남도 진주시 진주대로 548 (가좌동,번지 유일빌딩  202호(2층일부))",055-757-2980,35.1555083,128.1076519
경상남도,진주시,음식점,뷔페,피앙세뷔페,"경상남도 진주시 진주대로 964 (칠암동, A동 2층)",055-762-0596,35.1860001,128.0879278
경상남도,진주시,음식점,피치세트,피자나라치킨공주가호점,"경상남도 진주시 가좌길84번길 18, 1층일부 (가좌동)",055-761-0370,35.1599735,128.1069628
경상남도,진주시,음식점,피자,피자마루경남과기대점,"경상남도 진주시 동진로 40 (칠암동, 2층)",055-763-4492,35.1787874,128.0955031
경상남도,진주시,음식점,피자,피자헛 진주경상대점,"경상남도 진주시 진주대로 624, 1층 일부 (가좌동)",055-752-9814,35.1624084,128.1068289
경상남도,진주시,주점,육개장 칼국수,핑크빛청춘들,"경상남도 진주시 진주대로 526 (가좌동, 센텀빌딩 201호 2층)",070-8251-3347,35.1535259,128.1065512
경상남도,진주시,음식점,"추어탕,  추어수제비",하남샘추어탕,"경상남도 진주시 강남로95번길 7-2, 1층 (칠암동)",055-754-1011,35.1771567,128.0967822
경상남도,진주시,음식점,"안심돈가스, 고구마치즈돈가스",하동돈가스,"경상남도 진주시 가좌안골길16번길 10 (가좌동, 1층)",055-762-2401,35.1527934,128.1074652
경상남도,진주시,음식점,"냉모밀, 돈가스",하루,"경상남도 진주시 진주대로 546 (가좌동,번지 미켈란젤로 빌딩 105호(1층일부))",055-795-2200,35.1552855,128.1075618
경상남도,진주시,카페,아메리카노,하삼동 개양점,"경상남도 진주시 가좌길74번길 11, 1층일부 (가좌동)",0,35.1598599,128.1068304
경상남도,진주시,카페,아메리카노,하삼동칠암점,"경상남도 진주시 동진로 22, 아주스타타워 1층 106호 (칠암동)",055-757-8483,35.1785247,128.0936223
경상남도,진주시,카페,아메리카노,하삼동커피신진주역점,"경상남도 진주시 개양로 100, 상가107동 1층 121호 (가좌동, SKY 시티프라디움)",055-752-3542,35.1543909,128.1166471
경상남도,진주시,카페,아메리카노,학생회관커피점(중앙카페),"경상남도 진주시 진주대로 501 (가좌동, (주2) 학생회관 1층일부)",0,35.1519532,128.0979658
경상남도,진주시,음식점,햄버거,한국맥도날드(유)진주가좌DT점,"경상남도 진주시 진주대로 612 (가좌동, 1층,2층,3층)",0,35.1614961,128.1072178
경상남도,진주시,주점,맥주,한라맥주 경상대점,"경상남도 진주시 진주대로 526, 102호일부 (가좌동)",0,35.1535254,128.1065523
경상남도,진주시,음식점,바다장어,한방재경장어,"경상남도 진주시 강남로 297-1 (강남동, 1층일부)",055-755-8676,35.187643,128.0846484
경상남도,진주시,음식점,치킨마요덮밥,한솥도시락경남과기대점,"경상남도 진주시 동진로 26 (칠암동,1층일부)",055-752-6292,35.1788107,128.0939407
경상남도,진주시,음식점,치킨마요덮밥,한솥도시락진주경상대정문점,"경상남도 진주시 진주대로 514 (가좌동,프리윌 101호 (1층일부))",0,35.1526228,128.1059371
경상남도,진주시,음식점,"짜장면, 우동, 간짜장",한주반점,경상남도 진주시 강남로95번길 7-6 (칠암동),0,35.1770964,128.0967381
경상남도,진주시,음식점,닭갈비,할매닭갈비,"경상남도 진주시 가좌안골길14번길 7 (가좌동,(1층))",0,35.1530543,128.1074795
경상남도,진주시,음식점,돼지국밥,할멈국밥,"경상남도 진주시 동진로20번길 12 (칠암동, 1층일부)",0,35.1778217,128.0934254
경상남도,진주시,음식점,"뼈없닭발, 훈제구이",합성동얼큰이(강남점),"경상남도 진주시 망경로298번길 11 (강남동,1층)",0,35.1850505,128.086571
경상남도,진주시,음식점,돼지국밥,합천돼지국밥,"경상남도 진주시 진주대로931번길 7 (강남동,외1필지(1층일부))",0,35.1827815,128.0882932
경상남도,진주시,주점,칠면조 구이,해가,"경상남도 진주시 동진로 29 (칠암동,외1필지108호)",0,35.1792395,128.0942797
경상남도,진주시,음식점,추어탕,해동추어탕,"경상남도 진주시 강남로95번길 20-3 (칠암동,1층)",0,35.1778519,128.0957284
경상남도,진주시,음식점,뷔페,해뜰날한식뷔페,"경상남도 진주시 진주역로96번길 6-45, 1층 (가좌동)",055-752-2444,35.1502639,128.113953
경상남도,진주시,음식점,오리해신탕,해신궁,"경상남도 진주시 강남로177번길 21-1 (칠암동,번지(1층))",055-753-4088,35.1832537,128.0931726
경상남도,진주시,음식점,"등갈비 쌀국수, 분짜",해오,"경상남도 진주시 동진로20번길 23, 1층 일부 (칠암동)",0,35.1778902,128.0943733
경상남도,진주시,음식점,"해물짐, 아구찜",해웅해물아구찜,"경상남도 진주시 진주역로96번길 6-63, 디올빌 1층전체 (가좌동)",055-758-3898,35.1496089,128.113266
경상남도,진주시,음식점,탕후루,허니탕후루,"경상남도 진주시 가좌길29번길 3, 1층일부 (가좌동)",0,35.1563644,128.1047452
경상남도,진주시,카페,"자몽차, 아메리카노",헤르메스,"경상남도 진주시 강변길20번길 8, 1층 일부 (가좌동)",0,35.1659576,128.1103715
경상남도,진주시,카페,"빵, 아메리카노",헤이브레드(Hey Bread),"경상남도 진주시 가좌길74번길 16, 1층 일부 (가좌동)",055-757-6969,35.159312,128.1069015
경상남도,진주시,음식점,후라이드치킨,현이네,"경상남도 진주시 내동로348번길 8 (가좌동, 가좌그린빌주공@ 주상가동 1층104호)",055-746-8589,35.1486388,128.1013466
경상남도,진주시,음식점,"김밥, 칼국수, 물국수",현주국수,"경상남도 진주시 망경로298번길 9, 1층일부 (강남동)",055-752-6489,35.1851292,128.0863478
경상남도,진주시,음식점,짜몽,형제짬뽕,"경상남도 진주시 진주대로908번길 17-4 (칠암동, 1층)",0,35.1822886,128.0916911
경상남도,진주시,주점,밀푀유전골,혜하당,"경상남도 진주시 진주대로500번길 16 (가좌동, 1층)",0,35.1507721,128.1056664
경상남도,진주시,음식점,"돈가스, 냉국수",혜화동 돈까스극장 진주가좌점,"경상남도 진주시 가좌길 76, 1층 일부 (가좌동)",0,35.1606709,128.1062319
경상남도,진주시,음식점,닭구이,호계,"경상남도 진주시 개양로 100, 상가동 105동 1층 108호 (가좌동, 스카이 시티프라디움)",0,35.1543904,128.1166473
경상남도,진주시,음식점,대구뽈찜,호동식당,"경상남도 진주시 강변길 36 (가좌동,번지(1층))",0,35.1661698,128.1090381
경상남도,진주시,주점,"호떡, 맥주",호맥경상대점,"경상남도 진주시 가좌안골길10번길 7 (가좌동,번지(1층일부))",055-750-7100,35.1532258,128.107134
경상남도,진주시,주점,,호상당,"경상남도 진주시 가좌길 18 (가좌동, 2층)",0,35.15633,128.1058768
경상남도,진주시,음식점,치킨,호식이두마리치킨,"경상남도 진주시 진주대로 936 (칠암동,1층일부)",0,35.1837125,128.0890141
경상남도,진주시,음식점,"삼겹살, 돼지 석갈비",호탄숯불구이,"경상남도 진주시 가호로 18 (가좌동, 신세계타운 201호,202호일부)",0,35.1629395,128.1082694
경상남도,진주시,음식점,"짜장면, 짬뽕",호호반점 진주경상대점,"경상남도 진주시 진주대로 522, U City 빌딩 101호 (가좌동)",0,35.1533044,128.1063955
경상남도,진주시,음식점,"화이타, 퀘사디아, 타코",홈리스타코,"경상남도 진주시 진주대로516번길 6-3 (가좌동, (지상2층))",0,35.1522767,128.1058728
경상남도,진주시,음식점,"김밥, 돈가스",홍대김밥,"경상남도 진주시 내동로 348 (가좌동,번지(1층일부))",055-758-7123,35.1502458,128.1022737
경상남도,진주시,음식점,닭갈비,홍이네닭갈비,"경상남도 진주시 진주대로 504 (가좌동, 1층일부)",0,35.1518582,128.1052456
경상남도,진주시,주점,"맥주, 마라전골",홍콩맥주,"경상남도 진주시 동진로38번길 16, 1층 (칠암동)",055-755-1518,35.1783656,128.0962949
경상남도,진주시,음식점,"짜장면, 짬뽕",홍콩반점0410 진주경상대점,"경상남도 진주시 진주대로516번길 6-3, 1층 일부 (가좌동)",055-752-6551,35.1522773,128.1058728
경상남도,진주시,주점,연어사시미,화양연화,"경상남도 진주시 가좌안골길16번길 8 (가좌동,번지(1층일부))",070-7350-0677,35.1529926,128.1076099
경상남도,진주시,인터넷카페,,화이트PC 경대점,"경상남도 진주시 진주대로 544 (가좌동, 두산 스카이빌 2층 201호일부)",055-759-8399,35.1550755,128.1074664
경상남도,진주시,음식점,오리불고기,타짜오리하우스,"경상남도 진주시 강남로227번길 7 (칠암동,외1필지(1,2,3층일부))",055-758-8990,35.1871216,128.0911995
경상남도,진주시,음식점,"갈치구이, 갈치조림",황토식당,"경상남도 진주시 진주대로908번길 5-4 (칠암동,1층)",055-795-2200,35.1819023,128.0905006
경상남도,진주시,음식점,"하모샤브샤브, 도미찜, 우럭짐",회초랑,"경상남도 진주시 강남로 163-1 (칠암동,1층)",055-752-7389,35.1828474,128.095733
경상남도,진주시,주점,"전골, 수육",효주,"경상남도 진주시 진주대로 522, U City 빌딩 111호 (가좌동)",0,35.1533046,128.1063941
경상남도,진주시,음식점,치킨,후라이드참잘하는집,"경상남도 진주시 가좌길 61, 1층일부 (가좌동)",0,35.1595992,128.1055563
경상남도,진주시,음식점,치킨,후라이드참잘하는집,"경상남도 진주시 진주대로 899, 1층 일부 (강남동)",0,35.1805567,128.0899334
경상남도,진주시,음식점,"스테이크, 필라프, 파스타",훗스테이크 경상대점,"경상남도 진주시 진주대로 522, U City 빌딩 201호 (가좌동)",0,35.1533048,128.1063935
경상남도,진주시,주점,사시미,흐루(hru),"경상남도 진주시 동진로34번길 4 (칠암동,번지(1층일부))",0,35.1786519,128.0947636
경상남도,진주시,음식점,삼겹살,흑돈,"경상남도 진주시 진주대로879번길 12 (강남동,번지(1층일부))",0,35.1788679,128.0897257
경상남도,진주시,카페,아메리카노,희망분식희망커피,"경상남도 진주시 진주대로 894-13 (칠암동, 1층일부)",0,35.1804432,128.0910318
경상남도,진주시,카페,아메리카노,히얼(here),"경상남도 진주시 진주대로930번길 10-1, 2층 (칠암동)",0,35.1833863,128.0900521
경상남도,진주시,주점,치킨,치킨유니,"경상남도 진주시 진주대로516번길 6, 2층 (가좌동)",0,35.1525002,128.1062601
